Workbook
Name 书籍: collect_type!$H$394

Sheet _config_
A1: 配置表
A3: 表名 | B3: 生成文件名 | C3: 是否输出 | D3: id重复 | E3: 是否是多语言 | F3: 关联 | G3: 列1
A4: card_type | B4: =表3[[#This Row],[表名]]&".json" -> card_type.json | C4: YES | D4: NO | E4: NO | F4: 卡牌类型表
A5: card | B5: =表3[[#This Row],[表名]]&".json" -> card.json | C5: YES | D5: NO | E5: NO | F5: 卡牌表
A6: skill | B6: =表3[[#This Row],[表名]]&".json" -> skill.json | C6: YES | D6: NO | E6: NO | F6: 技能表
A7: buff | B7: =表3[[#This Row],[表名]]&".json" -> buff.json | C7: YES | D7: NO | E7: NO | F7: 状态表
A8: passive_type | B8: =表3[[#This Row],[表名]]&".json" -> passive_type.json | C8: YES | D8: NO | E8: NO | F8: 心法类型
A9: passive | B9: =表3[[#This Row],[表名]]&".json" -> passive.json | C9: YES | D9: NO | E9: NO | F9: 心法表
A10: battle_group | B10: =表3[[#This Row],[表名]]&".json" -> battle_group.json | C10: YES | D10: NO | E10: NO | F10: 战斗卡牌表
A11: monster | B11: =表3[[#This Row],[表名]]&".json" -> monster.json | C11: YES | D11: NO | E11: NO | F11: 怪物表
A12: drop | B12: =表3[[#This Row],[表名]]&".json" -> drop.json | C12: YES | D12: NO | E12: NO | F12: 掉落表
A13: property_exp | B13: =表3[[#This Row],[表名]]&".json" -> property_exp.json | C13: YES | D13: NO | E13: NO | F13: 五种属性升级所需要的经验值
A14: home_shop | B14: =表3[[#This Row],[表名]]&".json" -> home_shop.json | C14: YES | D14: NO | E14: NO | F14: 丹药商品表
A15: home_decorate | B15: =表3[[#This Row],[表名]]&".json" -> home_decorate.json | C15: YES | D15: NO | E15: NO | F15: 房屋装饰表
... A25: home_decorate_level | B25: =表3[[#This Row],[表名]]&".json" -> home_decorate_level.json | C25: YES | D25: NO | E25: NO | F25: 建筑等级加成表

Sheet _table_
A1: 字段解析法
A2: 编号 | B2: 标题 | C2: 作用名 | D2: 中文解释 | E2: 字段 | F2: 字段类型 | G2: 数字定义
A3: id | B3: table_name | C3: name | D3: field_name | E3: field | F3: type
A4: 101 | B4: 道具信息 | C4: goods_info | D4: 物品id | E4: goods_id | F4: int | I4: TAB:[goods_info]
A5: 101 | B5: 道具信息 | C5: goods_info | D5: 物品数量 | E5: goods_num | F5: int | I5: TAB:[goods_info]
I6: TAB:[cross_event]
I7: TAB:[cross_event]
I8: TAB:[chapter_box]
I9: TAB:[chapter_box]
I10: TAB:[clear_reward]
I11: TAB:[clear_reward]
I12: TAB:[data_map]
I13: TAB:[data_map]
I14: TAB:[hang_up_time_range]
I15: TAB:[hang_up_time_range]
I16: TAB:[hang_up_time_range]
I17: TAB:[step_drop]

Sheet _language_
A1: 语言表
A2: 编号 | B2: 编码格式 | C2: 语言
A3: 1 | B3: [cn] | C3: 中文

Sheet table符号定义
A1: table表符号定义
A2: 符号 | B2: 作用
A3: | | B3: 第一层字段连接符 | D3: 第1层
A4: ； | B4: 第二层并列连接符 | D4: 第2层
A5: # | B5: 第三层并列连接符 | D5: 第3层
A6: $ | B6: 第四层并列连接符 | D6: 第4层

Sheet sound_effect
A1: 音效配置表 | B1: 对应位置
A2: id | C2: 音效资源 | D2: 是否循环1循环0不循环 | E2: 循环间隔（毫秒） | F2: 音量（万分比） | G2: 是否为背景音乐 | H2: 延迟播放（毫秒）
A3: INT | C3: STRING | D3: INT | E3: INT | F3: INT | G3: INT | H3: INT
A4: id | C4: resource | D4: repeat | E4: step | F4: volume | G4: is_BGM | H4: delay
A6: 1 | B6: 创建角色界面 | C6: lilianBGM | D6: 1 | E6: 2500 | F6: 9000 | G6: 1
A7: 2 | B7: 按键音（通用点击） | C7: click | D7: 0 | F7: 10000
A8: 3 | B8: 按键音返回 | C8: back | D8: 0 | F8: 10000
A9: 4 | B9: 种田背景音 | C9: qian | D9: 0 | E9: 2500 | F9: 10000 | G9: 0
A10: 5 | B10: 战斗背景音1 | C10: bgm_battle | D10: 1 | E10: 2500 | F10: 7000 | G10: 1 | I10: 进入战斗后，随机展示一种音效
A11: 6 | B11: 战斗背景音2 | C11: bgm_battle | D11: 1 | E11: 2500 | F11: 10000 | G11: 1
A12: 7 | B12: 金属性音效 | C12: matal | D12: 0 | F12: 10000 | K12: 1
A13: 8 | B13: 木属性音效 | C13: wood | D13: 0 | F13: 10000 | K13: 2
A14: 9 | B14: 水属性音效 | C14: water | D14: 0 | F14: 10000 | H14: 200 | K14: 3
A15: 10 | B15: 火属性音效 | C15: fire | D15: 0 | F15: 10000 | K15: 4
A16: 11 | B16: 土属性音效 | C16: soil | D16: 0 | F16: 10000 | K16: 5
A17: 12 | B17: 锻炼发力1 | C17: hit1 | D17: 1 | F17: 10000 | I17: 连脚踢 | J17: 击打类锻炼，可以用脚踢。御剑类用hit2.
A18: 13 | B18: 锻炼发力1 | C18: hit2 | D18: 1 | F18: 10000 | I18: 一击
A19: 14 | B19: 砍柴 | C19: cut_wood | D19: 1 | F19: 10000
A20: 15 | B20: buff生成音效 | C20: buff_create | D20: 0 | F20: 10000
A21: 16 | B21: 回复技能 | C21: recover | D21: 0 | F21: 10000
A22: 17 | B22: 鬼魂技能 | C22: demo | D22: 0 | F22: 10000
A23: 18 | B23: 中毒技能 | C23: poison | D23: 0 | F23: 10000
A24: 19 | B24: 火焰音效2 | C24: fire1 | D24: 0 | F24: 10000 | H24: 250
A25: 20 | B25: 拳法特效 | C25: quanfa | D25: 0 | F25: 10000 | H25: 400
A26: 21 | B26: 冰冻技能 | C26: ice | D26: 0 | F26: 10000 | H26: 350
A27: 22 | B27: 护盾1 | C27: hudun | D27: 0 | F27: 10000
A28: 23 | B28: 护盾2 | C28: hudun1 | D28: 0 | F28: 10000
A29: 24 | B29: 护盾3 | C29: hudun2 | D29: 0 | F29: 10000
A30: 25 | B30: 选择卡牌音效 | C30: choose | D30: 0 | F30: 10000
A31: 26 | B31: 电流 | C31: dianliu | D31: 0 | F31: 10000
A32: 27 | B32: 多段伤害 | C32: duoduanshanghai | D32: 0 | F32: 10000
A33: 28 | B33: 浪 | C33: wave | D33: 0 | F33: 10000 | H33: 400
A34: 29 | B34: 大雷击 | C34: electric_current_big | D34: 0 | F34: 10000
A35: 30 | B35: 小雷击 | C35: electric_current | D35: 0 | F35: 10000
A36: 31 | B36: 剑 | C36: normal_weapon | D36: 0 | F36: 10000
A37: 32 | B37: 暗器 | C37: anqi | D37: 0 | F37: 10000
A38: 33 | B38: 诅咒 | C38: zuzhou | D38: 0 | F38: 10000
A39: 34 | B39: 多段伤害1 | C39: duoduanshanghai1 | D39: 0 | F39: 10000
A40: 35 | B40: 遇妖怪1低沉 | C40: GhostMoan01 | D40: 0 | F40: 10000
A41: 36 | B41: 遇妖怪2空旷鬼 | C41: GhostMoan02 | D41: 0 | F41: 10000
A42: 37 | B42: 遇妖怪3妖兽 | C42: GhostMoan03 | D42: 0 | F42: 10000
A43: 38 | B43: 遇妖怪4大妖兽 | C43: GhostMoan04 | D43: 0 | F43: 10000
A44: 39 | B44: 妖怪死亡1低沉 | C44: deathb | D44: 0 | F44: 10000
A45: 40 | B45: 妖怪死亡2鸟类 | C45: deathd | D45: 0 | F45: 10000
... A49: 44 | B49: 妖怪痛苦3兽类 | C49: painr | D49: 0 | F49: 10000
A50: 45 | B50: 木棍挥舞1 | C50: swosh-11 | D50: 0 | E50: 2500 | F50: 10000
A51: 46 | B51: 木棍挥舞2 | C51: swosh-35 | D51: 0 | E51: 2500 | F51: 10000
A52: 47 | B52: 主界面(家中)BGM | C52: bgm1 | D52: 1 | E52: 1000 | F52: 6000 | G52: 1 | H52: 300 | J52: 已调音量
A53: 48 | B53: 历练时的BGM | C53: lilianBGM | D53: 1 | E53: 1000 | F53: 6000 | G53: 1 | H53: 300
A54: 49 | B54: 开场动画BGM | C54: donghua | D54: 1 | E54: 1000 | F54: 7000 | G54: 1 | H54: 200
A55: 50 | B55: 黑人抬棺 | C55: TaiGuan | F55: 9000 | J55: 已调音量
A56: 51 | B56: 突破成功音效 | C56: tupo | D56: 0
A57: 52 | B57: 突破失败音效 | C57: tuposhibai
A58: 53 | B58: 词条红色 | C58: citiaored | D58: 0 | F58: 10000
A59: 54 | B59: 词条橙色 | C59: citiaoOrange | D59: 0 | F59: 10000
A60: 55 | B60: 词条紫色 | C60: citiaozi | D60: 0 | F60: 10000
A61: 56 | B61: 词条垃圾 | C61: citiaobad | D61: 0 | F61: 10000
A62: 57 | B62: 开局剧情 | C62: first_1 | D62: 0 | F62: 10000
A63: 58 | B63: 开局剧情配音 | C63: first_2 | D63: 0 | F63: 10000
A64: 59 | B64: 开局剧情配音 | C64: first_3 | D64: 0 | F64: 10000
A65: 60 | B65: 开局剧情配音 | C65: first_4 | D65: 0 | F65: 10000
A66: 61 | B66: 狐狸音效 | C66: change_sound_A_1 | D66: 0 | F66: 10000
A67: 62 | B67: 狐狸音效 | C67: change_sound_E_1 | D67: 0 | F67: 10000
A68: 63 | B68: 狐狸音效 | C68: change_sound_J_1 | D68: 0 | F68: 10000
A69: 64 | B69: 狐狸音效 | C69: change_sound_Y_1 | D69: 0 | F69: 10000
... A95: 90 | B95: 悟道台十连抽音效 | C95: enlighten_ten | D95: 0 | F95: 10000

Sheet effect
A1: 特效表
A2: ID | B2: 技能名称 | D2: 资源路径 | E2: 缩放比例（默认是1） | F2: 透明度（默认1） | G2: 特效播放是否循环（0表示不循环） | H2: 飞行类型 0.直接在目标身上层 1.随机角度 2.直线飞行 3.作用在目标下层 4.随机角度多段伤害 | I2: 特效偏移x | J2: 特效偏移y | K2: 五行属性流光 | L2: 五行属性受击 | M2: 卡牌品质 | N2: 特效
A3: INT | B3: STRING | D3: STRING | E3: FLOAT | F3: INT | G3: INT | H3: INT | I3: INT | J3: INT
A4: ID | B4: name | D4: effect_path | E4: size | F4: transparency | G4: if_loop | H4: fly_type | I4: offset_x | J4: offset_y
A6: 1 | B6: 赤炎斩 | D6: chiyanzhan | E6: 1 | F6: 1 | G6: 0 | I6: 0 | J6: 100 | L6: 4 | M6: 1 | N6: kpsx_pt | O6: sy_tongyong
A7: 2 | B7: 御剑诀 | C7: 上层 | D7: yujianshu | E7: 1 | F7: 1 | G7: 0 | I7: 0 | J7: 100 | M7: 2 | N7: kpsx_pt | O7: sy_tongyong
A8: 3 | B8: 火蛇术 | D8: huosheshu_shifa | E8: 1 | F8: 1 | G8: 0 | I8: 0 | J8: 0 | M8: 3 | N8: kpsx_zise | O8: sy_zise
A9: 4 | B9: 石破天惊拳_dd | D9: sptjq_dd | E9: 1 | F9: 1 | G9: 1 | H9: 2 | I9: 0 | J9: 0 | M9: 4 | N9: kpsx_huangse | O9: sy_huangse
A10: 5 | B10: 燃魂拳 | C10: 受击 | D10: shipojingtianquan_sj | E10: 1 | F10: 1 | G10: 0 | H10: 2 | I10: 0 | J10: 0
A11: 6 | B11: 招雷术 | D11: zhaoleishu | E11: 1 | F11: 1 | G11: 0 | I11: 0 | J11: 0
A12: 7 | B12: 吸魂术_difan | D12: xihunshu_difan | E12: 1 | F12: 1 | G12: 0 | I12: 0 | J12: 0
A13: 8 | B13: 吸魂术_zishen | D13: xihunshu_zishen | E13: 1 | F13: 1 | G13: 0 | I13: 0 | J13: 0
A14: 9 | B14: 业火 | D14: xinhuo | E14: 1 | F14: 1 | G14: 0 | I14: 0 | J14: 150
A15: 10 | B15: 水镜 | D15: shuijin | E15: 1 | F15: 1 | G15: 0 | I15: 0 | J15: 0
A16: 11 | B16: 少一张卡（卡牌消失） | D16: kapaixiaoshi | E16: 1 | F16: 1 | G16: 0 | I16: 0 | J16: 0
A17: 12 | B17: 通用受伤 | D17: tongyongshouji | E17: 1 | F17: 1 | G17: 0 | I17: 0 | J17: 0 | L17: 6
A18: 13 | B18: 白色流光 | D18: liuguan_wu_xunhun | E18: 1 | F18: 1 | G18: 0 | H18: 1 | I18: 0 | J18: 0 | K18: 6
A19: 14 | B19: 火焰流光_xunhuan | D19: liuguan_huo_xunhuan | E19: 1 | F19: 1 | G19: 0 | H19: 1 | I19: 0 | J19: 0 | K19: 4
A20: 15 | B20: 金流光_xunhuan | D20: liuguan_jin_xunhuan | E20: 1 | F20: 1 | G20: 0 | H20: 1 | I20: 0 | J20: 0 | K20: 1
A21: 16 | B21: 木流光_xunhuan | D21: liuguan_mu_xunhuan | E21: 1 | F21: 1 | G21: 0 | H21: 1 | I21: 0 | J21: 0 | K21: 2
A22: 17 | B22: 水流光_xunhuan | D22: liuguan_shui_xunhuan | E22: 1 | F22: 1 | G22: 0 | H22: 1 | I22: 0 | J22: 0 | K22: 3
A23: 18 | B23: 土流光_xunhuan | D23: liuguan_tu_xunhuan | E23: 1 | F23: 1 | G23: 0 | H23: 1 | I23: 0 | J23: 0 | K23: 5
A24: 19 | B24: 御剑下层 | D24: yujian_hongse_xiaceng | E24: 1 | F24: 1 | G24: 0 | H24: 3 | I24: 0 | J24: 0
A25: 20 | B25: 卡牌爆炸大 | D25: kapaibijiao_shu | E25: 1 | F25: 1 | G25: 0 | I25: 0 | J25: 0
A26: 21 | B26: 凌霜剑——剑 | D26: linshuangjian_jian | E26: 1 | F26: 1 | G26: 0 | H26: 2 | I26: 0 | J26: 0
A27: 22 | B27: 凌霜剑 | D27: linshuangjian_sj | E27: 1 | F27: 1 | G27: 0 | I27: 0 | J27: 0
A28: 24 | B28: 剑光分化_剑 | D28: JianGuangFenHuaDanDao | E28: 1 | F28: 1 | G28: 0 | H28: 2 | I28: 0 | J28: 0
A29: 25 | B29: 剑光分化 | D29: JianGuangFenHuaHit | E29: 1 | F29: 1 | G29: 0 | I29: 0 | J29: 0
A30: 26 | B30: 剑气侵袭 | D30: JianQiQingXi | E30: 1 | F30: 1 | G30: 0 | I30: 0 | J30: 0
A31: 27 | B31: 剑气雷音——剑 | D31: jianqileiyin_jian | E31: 1 | F31: 1 | G31: 0 | H31: 2 | I31: 0 | J31: 0
A32: 28 | B32: 雷音剑 | D32: jianqileiyin_sj | E32: 1 | F32: 1 | G32: 0 | I32: 0 | J32: 0
A33: 29 | B33: 竹影青烟剑 | D33: zhuyingqingyanjian | E33: 1 | F33: 1 | G33: 0 | H33: 2 | I33: 0 | J33: 0
A34: 30 | B34: 青莲剑歌 | D34: qinglianjiange | E34: 1 | F34: 1 | G34: 0 | I34: 0 | J34: 0
A35: 31 | B35: 撼岳式 | D35: hanyueshi | E35: 1 | F35: 1 | G35: 0 | I35: 0 | J35: 0
A36: 32 | B36: 乱花飞雪 | D36: luanhuafeixue | E36: 1 | F36: 1 | G36: 0 | I36: 0 | J36: 0
A37: 33 | B37: 寒雨千落 | D37: hanyuqianluo | E37: 1 | F37: 1 | G37: 0 | I37: 0 | J37: 0
A38: 34 | B38: 揉身劲 | D38: roushenjin | E38: 1 | F38: 1 | G38: 0 | I38: 0 | J38: 0
A39: 35 | B39: 太玄燕返 | D39: TaiXuanFanYan | E39: 1 | F39: 1 | G39: 0 | I39: 0 | J39: 0
A40: 36 | B40: 飞雪急骤 | D40: feixuejizhou | E40: 1 | F40: 1 | G40: 0 | I40: 0 | J40: 0
A41: 37 | B41: 绝对零度 | D41: beimingbingpo | E41: 1 | F41: 1 | G41: 0 | I41: 0 | J41: 0
A42: 38 | B42: 水龙弹 | D42: shuilongdan | E42: 1 | F42: 1 | G42: 0 | I42: 0 | J42: -200
A43: 39 | B43: 百川东到海 | D43: baichuandongdaohai | E43: 1 | F43: 1 | G43: 0 | I43: 0 | J43: 0
A44: 40 | B44: 奔流决 | D44: benliujue | E44: 1 | F44: 1 | G44: 0 | I44: 0 | J44: 0
A45: 41 | B45: 崩山劲 | D45: benshanjin | E45: 1.5 | F45: 1 | G45: 0 | I45: 0 | J45: 0
A46: 42 | B46: 飞虹贯日 | D46: changhongguanri | E46: 1 | F46: 1 | G46: 0 | I46: 0 | J46: 0
A47: 43 | B47: 飞虹贯日——弹道 | D47: changhongguanri_dandao | E47: 1 | F47: 1 | G47: 0 | H47: 1 | I47: 0 | J47: 0
A48: 44 | B48: 寒冰符 | D48: hanbingfu | E48: 1 | F48: 1 | G48: 0 | I48: 0 | J48: 0
A49: 45 | B49: 合纵连横 | D49: hezonglianhen | E49: 1 | F49: 1 | G49: 0 | I49: 0 | J49: 0
A50: 46 | B50: 回气符 | D50: huiqifu | E50: 1 | F50: 1 | G50: 0 | I50: 0 | J50: 0
A51: 47 | B51: 回源流长 | D51: huiyuanliuchang | E51: 1 | F51: 1 | G51: 0 | I51: 0 | J51: 0
A52: 48 | B52: 火球符 | D52: huoqiufu | E52: 1 | F52: 1 | G52: 0 | I52: 0 | J52: 0
A53: 49 | B53: 剑意 | D53: jianqi_shangceng | E53: 1 | F53: 1 | G53: 0 | I53: 0 | J53: 0
A54: 50 | B54: 剑意——下 | D54: jianqi_xiaceng | E54: 1 | F54: 1 | G54: 0 | H54: 3 | I54: 0 | J54: 0
A55: 51 | B55: 看破 | D55: kanpo_shangceng | E55: 1 | F55: 1 | G55: 0 | I55: 0 | J55: 0
A56: 52 | B56: 看破——下 | D56: kanpo_xiaceng | E56: 1 | F56: 1 | G56: 0 | H56: 3 | I56: 0 | J56: 0
A57: 53 | B57: 撩剑式 | D57: LiaoJianShi | E57: 1 | F57: 1 | G57: 0 | I57: 0 | J57: 0
A58: 54 | B58: 劈剑式 | D58: pikan | E58: 1 | F58: 1 | G58: 0 | I58: 0 | J58: 0
A59: 55 | B59: 冰封千里 | D59: qianlibingfen | E59: 1 | F59: 1 | G59: 0 | I59: 0 | J59: 0
A60: 56 | B60: 清心符 | D60: qingxinfu | E60: 1 | F60: 1 | G60: 0 | I60: 0 | J60: 0
A61: 57 | B61: 气吞山河 | D61: QiTunShanHe | E61: 1 | F61: 1 | G61: 0 | I61: 0 | J61: 0
A62: 59 | B62: 瞬剑 | D62: shunjian | E62: 1 | F62: 1 | G62: 0 | I62: 0 | J62: 0
A63: 60 | B63: 太玄真罡 | D63: TaiXuanZhenGan | E63: 1 | F63: 1 | G63: 0 | I63: 0 | J63: 0
A64: 61 | B64: 通用护盾（用护甲） | D64: tongyonghudun | E64: 1 | F64: 1 | G64: 0 | I64: 0 | J64: 0
A65: 62 | B65: 吐故纳新 | D65: tugunaxing | E65: 1 | F65: 1 | G65: 0 | I65: 0 | J65: 0
A66: 63 | B66: 炎爆术 | D66: yanbaofu | E66: 1 | F66: 1 | G66: 0 | I66: 0 | J66: 0
A67: 66 | B67: 淬炼 | D67: cuilian | E67: 1 | F67: 1 | G67: 0 | I67: 0 | J67: -300
A68: 67 | B68: 黑魂吞噬 | D68: heiantunshi | E68: 1 | F68: 1 | G68: 0 | I68: 0
A69: 68 | B69: 魂爆术 | D69: hunbaoshu | E69: 1 | F69: 1 | G69: 0 | I69: 0
A70: 69 | B70: 火焰护盾-下层 | D70: huoyanhudun | E70: 1 | F70: 1 | G70: 0 | H70: 3 | I70: 0
A71: 70 | B71: 火焰护盾 | D71: huoyanhudun_add | E71: 1 | F71: 1 | G71: 0 | I71: 0
A72: 71 | B72: 剑气斩-剑 | D72: JianQiZhangDanDao | E72: 1 | F72: 1 | G72: 1 | H72: 2 | I72: 0
A73: 72 | B73: 剑气斩 | D73: JianQiZhangHit | E73: 1 | F73: 1 | G73: 0 | I73: 0
A74: 73 | B74: 汲魂术 | D74: jihunshu | E74: 1 | F74: 1 | G74: 0 | I74: 0
A75: 74 | B75: 狂暴一击 | D75: kuanbaoyiji | E75: 1 | F75: 1 | G75: 0 | I75: 0
A76: 75 | B76: 连环拍击 | D76: lxpj | E76: 1 | F76: 1 | G76: 0 | I76: 0
A77: 76 | B77: 命疗术 | D77: mingliaoshu_shangche | E77: 1 | F77: 1 | G77: 0 | I77: 0
A78: 77 | B78: 命疗术-下层 | D78: mingliaoshu_xiache | E78: 1 | F78: 1 | G78: 0 | H78: 3 | I78: 0
A79: 78 | B79: 玉鼎掌 | D79: xixinzhan | E79: 1 | F79: 1 | G79: 0 | I79: 0
A80: 79 | B80: 恶血爪 | D80: xuezhua | E80: 1 | F80: 1 | G80: 0 | I80: 0
A81: 80 | B81: 引魂术-下层 | D81: yinhunshu_fazhen | E81: 1 | F81: 1 | G81: 0 | H81: 3 | I81: 0
A82: 81 | B82: 引魂术 | D82: YingHunShu | E82: 1 | F82: 1 | G82: 0 | I82: 0
A83: 82 | B83: 九魄术 | D83: youhunliti | E83: 1 | F83: 1 | G83: 0 | I83: 0
A84: 83 | B84: 吞噬 | D84: tunshi | E84: 1 | F84: 1 | G84: 0 | I84: 0
A85: 84 | B85: 冲撞——弹道 | D85: ChongZhuangDanDao | E85: 1 | F85: 1 | G85: 0 | H85: 2
A86: 85 | B86: 冲撞 | D86: ChongZhuangHit | E86: 1 | F86: 1 | G86: 0
A87: 86 | B87: 血饮狂歌 | D87: CuiXinZhang
A88: 87 | B88: 伏虎拳 | D88: FuHuQuanHit | E88: 1 | F88: 1
A89: 88 | B89: 伏虎拳——弹道 | D89: FuHuQuanDanDao | E89: 1 | F89: 1 | G89: 1 | H89: 1
A90: 89 | B90: 雷击 | D90: lj | E90: 1 | F90: 1
A91: 90 | B91: 怒雷 | D91: ln | E91: 1 | F91: 1
A92: 91 | B92: 白龙掌 | D92: PaiYunZhangHit | E92: 1 | F92: 1
A93: 92 | B93: 排云掌——弹道 | D93: PaiYunZhangDanDao | E93: 1 | F93: 1 | G93: 1 | H93: 1
A94: 93 | B94: 劈剑式 | D94: PiJianShi | E94: 1 | F94: 1
A95: 94 | B95: 牵魂术 | D95: QianHunShu01 | E95: 1 | F95: 1
A96: 95 | B96: 魂灭斩 | D96: baihunshouge | E96: 1 | F96: 1
A97: 96 | B97: 烈阳指 | D97: lieyanzhi | E97: 1 | F97: 1
A98: 97 | B98: 血咒-弹道 | D98: xuezhou_dandao | E98: 1 | F98: 1 | G98: 1 | H98: 1
A99: 98 | B99: 罗刹爆 | D99: xuezhou_sj | E99: 1 | F99: 1
A100: 99 | B100: 巽风式 | D100: xunfenshi | E100: 1 | F100: 1
A101: 100 | B101: 苍炎术 | D101: cys | E101: 1 | F101: 1
...

Sheet card_type
A1: 卡牌类型表 | V1: | | W1: ; | X1: 400023
A2: ID | B2: 技能名称 | D2: 是否可显示 0否 1是 | E2: 卡牌解锁境界小 | F2: 卡牌境界大(锻体炼气也算大境界) | G2: 品质 =1，绿 =2，蓝 =3，紫 =4，橙 =5，红 | H2: 武器属性 =1，拳法 =2，剑法 =3，法术 =4，无 | I2: 五行属性 =1，金 =2，木 =3，水 =4，火 =5，土 =6，无属性 | J2: 最大等级 | K2: 序号（删改可能会导致数据出错） | L2: 动作表现 | M2: 流光特效 | N2: 伤害类型 | O2: 受击特效目标 1自己 2敌方 3双方 | P2: 受击特效上层 | R2: 受击特效下层 | S2: 怪物动作 | T2: 获得练功类型 =1，获得道具 =2，获得功法碎片 | U2: 是否可以使用万能碎片进行升级 0=否 1=是 | V2: 解锁道具id|数量| | W2: 物品 | X2: 数量 | Z2: 调用音效 | AA2: 技能图标 | AB2: 描述,支持X1|X2|X3|代入到描述中,具索引param | AC2: 描述,支持X1|X2|X3|代入到描述中,具索引param | AD2: 技能解锁类型 0.默认解锁 1.心法突破解锁 2.获得物品解锁 | AE2: 客户端获得途径描述 | AF2: 艺术字 | AG2: <span color='#10b847'>[0]</span>
A3: INT | B3: STRING | D3: INT | E3: INT | G3: INT | H3: INT | I3: INT | J3: INT | L3: STRING | M3: INT | O3: INT | P3: INT | R3: INT | S3: INT | T3: INT | U3: INT | V3: STRING | Z3: INT | AA3: STRING | AB3: STRING | AC3: STRING | AD3: INT | AE3: STRING | AF3: STRING
A4: ID | B4: name | D4: if_show | E4: level | G4: quality | H4: weapon | I4: element | J4: max_lev | L4: action_type | M4: light_effect | O4: effect_target | P4: hit_effect_up | R4: hit_effect_down | S4: action_type1 | T4: get_type | U4: if_common_cost | V4: unlock_cost | Z4: sound_effect | AA4: icon | AB4: des1 | AC4: des2 | AD4: unlock_type | AE4: des3 | AF4: art_word
A5: ID | E5: level | G5: quality | H5: weapon | I5: element | J5: max_lev | T5: get_type | U5: if_common_cost | V5: unlock_cost | AD5: unlock_type
A6: 1001 | B6: 红玉指 | C6: 造成%d点%s拳法伤害 | D6: 1 | E6: 1000 | F6: 1 | G6: 1 | H6: 1 | I6: 6 | J6: 30 | K6: =IF(H6=H5,K5+1,1) -> 1 | L6: 2|5| | M6: =P6+1 -> 111 | N6: 1 | O6: 2 | P6: =Q6 -> 110 | Q6: =OFFSET(effect!$A$1,MATCH(B6,effect!B:B,0)-1,0) -> 110 | S6: 10 | T6: 1 | U6: 1 | V6: =W6&$V$1&X6&$V$1&$W$1&$X$1&$V$1&Y6&$V$1&$W$1 -> 301001|10|;400023|500|; | W6: =300000+A6 -> 301001 | X6: 10 | Y6: 500 | Z6: 20 | AA6: icon_05 | AB6: ·达到<span color='#ee6738'>锻体期</span>可通流派选择获得<br/>·通过<span color='#ee6738'>悟道台</span>获取碎片进行领悟获得 | AC6: 红玉指调整浑身气血汇聚指尖一点，犹如红玉，威力不俗，但你若是想用它来对付修仙者，就得小心了。 | AD6: 2 | AE6: <span color='#ee6738'>境界突破</span>时领悟获得" | AF6: wenzi_img_01 | AG6: 负重带
A7: 1002 | B7: 白龙掌 | C7: 造成%d点%s拳法伤害 | D7: 1 | E7: 1000 | F7: 1 | G7: 1 | H7: 1 | I7: 6 | J7: 30 | K7: =IF(H7=H6,K6+1,1) -> 2 | L7: 2|5| | M7: =effect!A93 -> 92 | N7: 1 | O7: 2 | P7: =Q7 -> 91 | Q7: =OFFSET(effect!$A$1,MATCH(B7,effect!B:B,0)-1,0) -> 91 | S7: 10 | T7: 1 | U7: 1 | V7: =W7&$V$1&X7&$V$1&$W$1&$X$1&$V$1&Y7&$V$1&$W$1 -> 301002|10|;400023|500|; | W7: =300000+A7 -> 301002 | X7: 10 | Y7: 500 | Z7: 11 | AA7: icon_02 | AB7: ·达到<span color='#ee6738'>锻体期</span>可通流派选择获得<br/>·通过<span color='#ee6738'>悟道台</span>获取碎片进行领悟获得 | AC7: 白龙掌十分考验根骨力量，有灵力之人使用时气势奔腾，幻化出一条飞天白龙。 | AD7: 2 | AE7: <span color='#ee6738'>境界突破</span>时领悟获得" | AF7: wenzi_img_02 | AG7: 草人桩
A8: 1003 | B8: 风罩拳 | C8: 造成%d点%s拳法伤害，上一招为拳法时，增加造成伤害30%的护甲 | D8: 1 | E8: 1000 | F8: 1 | G8: 1 | H8: 1 | I8: 6 | J8: 30 | K8: =IF(H8=H7,K7+1,1) -> 3 | L8: 2|5| | M8: =effect!A89 -> 88 | N8: 1 | O8: 2 | P8: 12 | Q8: =OFFSET(effect!$A$1,MATCH(B8,effect!B:B,0)-1,0) -> #N/A | S8: 10 | T8: 1 | U8: 1 | V8: =W8&$V$1&X8&$V$1&$W$1&$X$1&$V$1&Y8&$V$1&$W$1 -> 301003|10|;400023|500|; | W8: =300000+A8 -> 301003 | X8: 10 | Y8: 500 | Z8: 20 | AA8: icon_01 | AB8: ·达到<span color='#ee6738'>锻体期</span>可通流派选择获得<br/>·通过<span color='#ee6738'>悟道台</span>获取碎片进行领悟获得 | AC8: 传闻凡俗中曾有人尝以肉身之驱，硬撼熊妖而不死，从而创下了风罩拳这一威猛招式。 | AD8: 2 | AE8: <span color='#ee6738'>境界突破</span>时领悟获得" | AF8: wenzi_img_03 | AG8: 石锁
A9: 1004 | B9: 无痕脚 | C9: 造成%d点%s拳法伤害，本回合每出一张拳法牌，伤害增加25% | D9: 1 | E9: 1000 | F9: 1 | G9: 2 | H9: 1 | I9: 6 | J9: 30 | K9: =IF(H9=H8,K8+1,1) -> 4 | L9: 4|3| | N9: 1 | O9: 2 | P9: =Q9 -> 106 | Q9: =OFFSET(effect!$A$1,MATCH(B9,effect!B:B,0)-1,0) -> 106 | S9: 10 | T9: 1 | U9: 1 | V9: =W9&$V$1&X9&$V$1&$W$1&$X$1&$V$1&Y9&$V$1&$W$1 -> 301004|10|;400023|750|; | W9: =300000+A9 -> 301004 | X9: 10 | Y9: 750 | Z9: 20 | AA9: icon_04 | AB9: ·达到<span color='#ee6738'>锻体期</span>可通流派选择获得<br/>·通过<span color='#ee6738'>悟道台</span>获取碎片进行领悟获得 | AC9: 无痕脚是凡俗世界失传已久的绝技，如果使用恰当，它甚至能将修仙者也踢得伏地不起，痛哭流涕。 | AD9: 2 | AE9: <span color='#ee6738'>境界突破</span>时领悟获得" | AF9: wenzi_img_04 | AG9: 柴堆
A10: 1005 | B10: 青冥指 | C10: 造成%d点%s拳法伤害，上一招为拳法时，增加30%伤害 | D10: 1 | E10: 1000 | F10: 1 | G10: 2 | H10: 1 | I10: 6 | J10: 30 | K10: =IF(H10=H9,K9+1,1) -> 5 | L10: 3|6| | M10: =P10+1 -> 115 | N10: 1 | O10: 2 | P10: =Q10 -> 114 | Q10: =OFFSET(effect!$A$1,MATCH(B10,effect!B:B,0)-1,0) -> 114 | S10: 10 | T10: 1 | U10: 1 | V10: =W10&$V$1&X10&$V$1&$W$1&$X$1&$V$1&Y10&$V$1&$W$1 -> 301005|10|;400023|750|; | W10: =300000+A10 -> 301005 | X10: 10 | Y10: 750 | Z10: 20 | AA10: icon_22 | AB10: ·达到<span color='#ee6738'>锻体期</span>可通境界突破领悟获得<br/>·通过<span color='#ee6738'>悟道台</span>获取碎片进行领悟获得 | AC10: 青冥指是轻衣盟招术，狠辣无比，威力不俗。 | AD10: 2 | AE10: <span color='#ee6738'>境界突破</span>时领悟获得" | AF10: wenzi_img_07
A11: 1006 | B11: 太玄云手 | C11: 造成%d点%s拳法伤害，上一招为拳法时，增加造成伤害30%的护甲 | D11: 1 | E11: 1003 | F11: 1 | G11: 1 | H11: 1 | I11: 6 | J11: 30 | K11: =IF(H11=H10,K10+1,1) -> 6 | L11: 2|5| | M11: =P11+1 -> 105 | N11: 1 | O11: 2 | P11: =Q11 -> 104 | Q11: =OFFSET(effect!$A$1,MATCH(B11,effect!B:B,0)-1,0) -> 104 | S11: 10 | T11: 1 | U11: 1 | V11: =W11&$V$1&X11&$V$1&$W$1&$X$1&$V$1&Y11&$V$1&$W$1 -> 301006|10|;400023|500|; | W11: =300000+A11 -> 301006 | X11: 10 | Y11: 500 | Z11: 20 | AA11: icon_23 | AB11: ·达到<span color='#ee6738'>炼气期</span>可通过境界突破领悟获得<br/>·通过<span color='#ee6738'>悟道台</span>获取碎片进行领悟获得 | AC11: 太玄云手，衔接拳法，借力打力。传闻曾流入凡俗，演化为武林之中的太极拳。 | AD11: 2 | AE11: <span color='#ee6738'>境界突破</span>时领悟获得" | AF11: wenzi_img_08
A12: 1007 | B12: 太玄真罡 | C12: 造成%d点%s拳法伤害，额外造成当前护甲100%的伤害 | D12: 1 | E12: 1003 | F12: 1 | G12: 2 | H12: 1 | I12: 6 | J12: 30 | K12: =IF(H12=H11,K11+1,1) -> 7 | L12: 2|5| | M12: =IF(N12=1,OFFSET(effect!$A$1,MATCH(I12,effect!K:K,0)-1,0),0) -> 13 | N12: 1 | O12: 2 | P12: =Q12 -> 60 | Q12: =OFFSET(effect!$A$1,MATCH(B12,effect!B:B,0)-1,0) -> 60 | S12: 10 | T12: 1 | U12: 1 | V12: =W12&$V$1&X12&$V$1&$W$1&$X$1&$V$1&Y12&$V$1&$W$1 -> 301007|10|;400023|750|; | W12: =300000+A12 -> 301007 | X12: 10 | Y12: 750 | Z12: 20 | AA12: icon_30 | AB12: ·达到<span color='#ee6738'>炼气期</span>可通过境界突破领悟获得<br/>·通过<span color='#ee6738'>悟道台</span>获取碎片进行领悟获得 | AC12: 太玄真罡，以太玄门的运力法门，御四肢百骸之劲力。如天上落陨石，势大且极重。 | AD12: 2 | AE12: <span color='#ee6738'>境界突破</span>时领悟获得" | AF12: wenzi_img_09
A13: 1008 | B13: 恶血爪 | C13: 造成%d点%s拳法伤害，血量低于50%时，获得30%吸血效果 | D13: 1 | E13: 1003 | F13: 1 | G13: 2 | H13: 1 | I13: 4 | J13: 30 | K13: =IF(H13=H12,K12+1,1) -> 8 | L13: 2|5| | M13: =IF(N13=1,OFFSET(effect!$A$1,MATCH(I13,effect!K:K,0)-1,0),0) -> 14 | N13: 1 | O13: 2 | P13: =Q13 -> 79 | Q13: =OFFSET(effect!$A$1,MATCH(B13,effect!B:B,0)-1,0) -> 79 | S13: 10 | T13: 1 | U13: 1 | V13: =W13&$V$1&X13&$V$1&$W$1&$X$1&$V$1&Y13&$V$1&$W$1 -> 301008|10|;400023|750|; | W13: =300000+A13 -> 301008 | X13: 10 | Y13: 750 | Z13: 20 | AA13: icon_99 | AB13: ·达到<span color='#ee6738'>炼气期</span>可通过境界突破领悟获得<br/>·通过<span color='#ee6738'>悟道台</span>获取碎片进行领悟获得 | AC13: 恶血爪是血魔宫招术，当自己受重伤时，可以吸取掠夺敌人的血液。此招术深受广大邪修欢迎。 | AD13: 2 | AE13: <span color='#ee6738'>境界突破</span>时领悟获得" | AF13: wenzi_img_10
A14: 1009 | B14: 炼狱爪 | C14: 造成%d点%s拳法伤害，血量低于50%时，伤害增加30% | D14: 1 | E14: 1003 | F14: 1 | G14: 1 | H14: 1 | I14: 4 | J14: 30 | K14: =IF(H14=H13,K13+1,1) -> 9 | L14: 3|6| | M14: =IF(N14=1,OFFSET(effect!$A$1,MATCH(I14,effect!K:K,0)-1,0),0) -> 14 | N14: 1 | O14: 2 | P14: 79 | Q14: =OFFSET(effect!$A$1,MATCH(B14,effect!B:B,0)-1,0) -> #N/A | S14: 10 | T14: 1 | U14: 1 | V14: =W14&$V$1&X14&$V$1&$W$1&$X$1&$V$1&Y14&$V$1&$W$1 -> 301009|10|;400023|500|; | W14: =300000+A14 -> 301009 | X14: 10 | Y14: 500 | Z14: 20 | AA14: icon_100 | AB14: ·达到<span color='#ee6738'>炼气期</span>可通过境界突破领悟获得<br/>·通过<span color='#ee6738'>悟道台</span>获取碎片进行领悟获得 | AC14: 炼狱爪是噬魂宗长老的成名招术，灵气汇聚，击中敌人肉体时，还会动摇敌人心智魂魄。 | AD14: 2 | AE14: <span color='#ee6738'>境界突破</span>时领悟获得" | AF14: wenzi_img_11
A15: 1010 | B15: 太玄燕返 | C15: 造成%d点%s拳法伤害，本回合每出一张拳法牌，伤害增加30% | D15: 1 | E15: 1003 | F15: 1 | G15: 3 | H15: 1 | I15: 6 | J15: 30 | K15: =IF(H15=H14,K14+1,1) -> 10 | L15: 2|5| | M15: =IF(N15=1,OFFSET(effect!$A$1,MATCH(I15,effect!K:K,0)-1,0),0) -> 13 | N15: 1 | O15: 2 | P15: =Q15 -> 35 | Q15: =OFFSET(effect!$A$1,MATCH(B15,effect!B:B,0)-1,0) -> 35 | S15: 10 | T15: 1 | U15: 1 | V15: =W15&$V$1&X15&$V$1&$W$1&$X$1&$V$1&Y15&$V$1&$W$1 -> 301010|10|;400023|1000|; | W15: =300000+A15 -> 301010 | X15: 10 | Y15: 1000 | Z15: 20 | AA15: icon_24 | AB15: ·达到<span color='#ee6738'>炼气期</span>可通过境界突破领悟获得<br/>·通过<span color='#ee6738'>悟道台</span>获取碎片进行领悟获得 | AC15: 太玄燕返，泥丸宫中演大道，将所有拳式重演后，终结收式。 | AD15: 2 | AE15: <span color='#ee6738'>境界突破</span>时领悟获得" | AF15: wenzi_img_12
A16: 1011 | B16: 揉身劲 | C16: 下1招伤害增加100% | D16: 1 | E16: 1003 | F16: 2 | G16: 1 | H16: 1 | I16: 6 | J16: 30 | K16: =IF(H16=H15,K15+1,1) -> 11 | L16: 3|6| | M16: =IF(N16=1,OFFSET(effect!$A$1,MATCH(I16,effect!K:K,0)-1,0),0) -> 0 | N16: 0 | O16: 1 | P16: =Q16 -> 34 | Q16: =OFFSET(effect!$A$1,MATCH(B16,effect!B:B,0)-1,0) -> 34 | S16: 10 | T16: 1 | U16: 1 | V16: =W16&$V$1&X16&$V$1&$W$1&$X$1&$V$1&Y16&$V$1&$W$1 -> 301011|10|;400023|500|; | W16: =300000+A16 -> 301011 | X16: 10 | Y16: 500 | Z16: 16 | AA16: icon_27 | AB16: ·达到<span color='#ee6738'>筑基期</span>可通过境界突破领悟获得<br/>·通过<span color='#ee6738'>悟道台</span>获取碎片进行领悟获得 | AC16: 传闻某太玄门弟子在门派大比中被蜀山派嘲笑为缩头乌龟，气愤之下闭关练成此招。 | AD16: 2 | AE16: <span color='#ee6738'>境界突破</span>时领悟获得" | AF16: wenzi_img_13
A17: 1012 | B17: 混乱打击 | C17: 造成0~3倍%d点%s拳法伤害 | D17: 1 | E17: 1003 | F17: 2 | G17: 3 | H17: 1 | I17: 6 | J17: 30 | K17: =IF(H17=H16,K16+1,1) -> 12 | L17: 3|6| | M17: =IF(N17=1,OFFSET(effect!$A$1,MATCH(I17,effect!K:K,0)-1,0),0) -> 13 | N17: 1 | O17: 2 | P17: 41 | Q17: =OFFSET(effect!$A$1,MATCH(B17,effect!B:B,0)-1,0) -> #N/A | R17: 76 | S17: 10 | T17: 1 | U17: 1 | V17: =W17&$V$1&X17&$V$1&$W$1&$X$1&$V$1&Y17&$V$1&$W$1 -> 301012|10|;400023|1000|; | W17: =300000+A17 -> 301012 | X17: 10 | Y17: 1000 | Z17: 20 | AA17: icon_103 | AB17: ·达到<span color='#ee6738'>筑基期</span>可通过境界突破领悟获得<br/>·通过<span color='#ee6738'>悟道台</span>获取碎片进行领悟获得 | AC17: 传闻为蜀山仙师所传授，可以作为口诀心法配合剑招，使得凡俗剑术也威力大增。 | AD17: 2 | AE17: <span color='#ee6738'>境界突破</span>时领悟获得" | AF17: wenzi_img_14
A18: 1013 | B18: 崩山劲 | C18: 造成%d点%s拳法伤害，反弹30%受到的伤害，持续2回合 | D18: 1 | E18: 2000 | F18: 2 | G18: 2 | H18: 1 | I18: 5 | J18: 30 | K18: =IF(H18=H17,K17+1,1) -> 13 | L18: 4|3| | M18: =IF(N18=1,OFFSET(effect!$A$1,MATCH(I18,effect!K:K,0)-1,0),0) -> 18 | N18: 1 | O18: 2 | P18: =Q18 -> 41 | Q18: =OFFSET(effect!$A$1,MATCH(B18,effect!B:B,0)-1,0) -> 41 | S18: 10 | T18: 1 | U18: 1 | V18: =W18&$V$1&X18&$V$1&$W$1&$X$1&$V$1&Y18&$V$1&$W$1 -> 301013|10|;400023|750|; | W18: =300000+A18 -> 301013 | X18: 10 | Y18: 750 | Z18: 11 | AA18: icon_26 | AB18: ·达到<span color='#ee6738'>筑基期</span>可通过境界突破领悟获得<br/>·通过<span color='#ee6738'>悟道台</span>获取碎片进行领悟获得 | AC18: 崩山劲，源于已故的一位太玄门长老所创，他生前好斗，常群嘲之：打我等于打自己。 | AD18: 2 | AE18: <span color='#ee6738'>境界突破</span>时领悟获得" | AF18: wenzi_img_15
A19: 1014 | B19: 断脉杀 | C19: 对敌人造成%d点%s拳法伤害，对自己造成30%伤害 | D19: 1 | E19: 2000 | F19: 2 | G19: 1 | H19: 1 | I19: 6 | J19: 30 | K19: =IF(H19=H18,K18+1,1) -> 14 | L19: 3|6| | M19: =IF(N19=1,OFFSET(effect!$A$1,MATCH(I19,effect!K:K,0)-1,0),0) -> 13 | N19: 1 | O19: 2 | P19: 85 | Q19: =OFFSET(effect!$A$1,MATCH(B19,effect!B:B,0)-1,0) -> #N/A | S19: 10 | T19: 1 | U19: 1 | V19: =W19&$V$1&X19&$V$1&$W$1&$X$1&$V$1&Y19&$V$1&$W$1 -> 301014|10|;400023|500|; | W19: =300000+A19 -> 301014 | X19: 10 | Y19: 500 | Z19: 20 | AA19: icon_102 | AB19: ·达到<span color='#ee6738'>筑基期</span>可通过境界突破领悟获得<br/>·通过<span color='#ee6738'>悟道台</span>获取碎片进行领悟获得 | AC19: 断脉杀，爆发自己体内的灵气，产生超越当前境界的招式威力。但也会对自己的经脉造成严重损伤。 | AD19: 2 | AE19: <span color='#ee6738'>境界突破</span>时领悟获得" | AF19: wenzi_img_16
A20: 1015 | B20: 玉鼎掌 | C20: 造成%d点%s拳法伤害，上一招为拳法时，增加40%伤害 | D20: 1 | E20: 2000 | F20: 3 | G20: 1 | H20: 1 | I20: 5 | J20: 30 | K20: =IF(H20=H19,K19+1,1) -> 15 | L20: 3|6| | N20: 1 | O20: 2 | P20: =Q20 -> 78 | Q20: =OFFSET(effect!$A$1,MATCH(B20,effect!B:B,0)-1,0) -> 78 | S20: 10 | T20: 1 | U20: 1 | V20: =W20&$V$1&X20&$V$1&$W$1&$X$1&$V$1&Y20&$V$1&$W$1 -> 301015|10|;400023|500|; | W20: =300000+A20 -> 301015 | X20: 10 | Y20: 500 | Z20: 11 | AA20: icon_29 | AB20: ·达到<span color='#ee6738'>金丹期</span>可通过境界突破领悟获得<br/>·通过<span color='#ee6738'>悟道台</span>获取碎片进行领悟获得 | AC20: 莲花宗的真传掌法，灵力遍布手掌，犹如白玉，轰击敌人时无坚不摧。 | AD20: 2 | AE20: <span color='#ee6738'>境界突破</span>时领悟获得" | AF20: wenzi_img_17
A21: 1016 | B21: 还阳击 | C21: 造成%d点%s拳法伤害，每回合回复%f点生命，持续2回合 | D21: 1 | E21: 2000 | F21: 3 | G21: 2 | H21: 1 | I21: 2 | J21: 30 | K21: =IF(H21=H20,K20+1,1) -> 16 | L21: 2|5| | M21: =IF(N21=1,OFFSET(effect!$A$1,MATCH(I21,effect!K:K,0)-1,0),0) -> 16 | N21: 1 | O21: 2 | P21: 12 | Q21: =OFFSET(effect!$A$1,MATCH(B21,effect!B:B,0)-1,0) -> #N/A | S21: 10 | T21: 1 | U21: 1 | V21: =W21&$V$1&X21&$V$1&$W$1&$X$1&$V$1&Y21&$V$1&$W$1 -> 301016|10|;400023|750|; | W21: =300000+A21 -> 301016 | X21: 10 | Y21: 750 | Z21: 16 | AA21: icon_28 | AB21: ·达到<span color='#ee6738'>金丹期</span>可通过境界突破领悟获得<br/>·通过<span color='#ee6738'>悟道台</span>获取碎片进行领悟获得 | AC21: 灵丹派的真传招术，特殊的灵力运行方式，可以发出招术的同时，暗中恢复自己的伤势。 | AD21: 2 | AE21: <span color='#ee6738'>境界突破</span>时领悟获得" | AF21: wenzi_img_18
A22: 1017 | B22: 烈阳指 | C22: 造成%d点%s拳法伤害，叠加1层炎息 | D22: 1 | E22: 3000 | F22: 3 | G22: 2 | H22: 1 | I22: 4 | J22: 30 | K22: =IF(H22=H21,K21+1,1) -> 17 | L22: 3|6| | N22: 1 | O22: 2 | P22: =Q22 -> 96 | Q22: =OFFSET(effect!$A$1,MATCH(B22,effect!B:B,0)-1,0) -> 96 | S22: 10 | T22: 1 | U22: 1 | V22: =W22&$V$1&X22&$V$1&$W$1&$X$1&$V$1&Y22&$V$1&$W$1 -> 301017|10|;400023|750|; | W22: =300000+A22 -> 301017 | X22: 10 | Y22: 750 | Z22: 20 | AA22: icon_159 | AB22: ·达到<span color='#ee6738'>金丹期</span>可通过境界突破领悟获得<br/>·通过<span color='#ee6738'>悟道台</span>获取碎片进行领悟获得 | AC22: 金刚宗绝学，燃烧灵气，配合指法发出一道火焰烧伤敌人。 | AD22: 2 | AE22: <span color='#ee6738'>境界突破</span>时领悟获得" | AF22: wenzi_img_19
A23: 1018 | B23: 太玄揽臂 | C23: 造成%d点%s拳法伤害，上一招为拳法时，增加造成伤害50%的护甲 | D23: 1 | E23: 3000 | F23: 3 | G23: 3 | H23: 1 | I23: 6 | J23: 30 | K23: =IF(H23=H22,K22+1,1) -> 18 | L23: 4|3| | M23: =IF(N23=1,OFFSET(effect!$A$1,MATCH(I23,effect!K:K,0)-1,0),0) -> 13 | N23: 1 | O23: 2 | P23: 41 | Q23: =OFFSET(effect!$A$1,MATCH(B23,effect!B:B,0)-1,0) -> #N/A | S23: 10 | T23: 1 | U23: 1 | V23: =W23&$V$1&X23&$V$1&$W$1&$X$1&$V$1&Y23&$V$1&$W$1 -> 301018|10|;400023|1000|; | W23: =300000+A23 -> 301018 | X23: 10 | Y23: 1000 | Z23: 20 | AA23: icon_25 | AB23: ·达到<span color='#ee6738'>金丹期</span>可通过境界突破领悟获得<br/>·通过<span color='#ee6738'>悟道台</span>获取碎片进行领悟获得 | AC23: 太玄门揽臂，一切都与防护有关，抱元守一，岿然不动。 | AD23: 2 | AE23: <span color='#ee6738'>境界突破</span>时领悟获得" | AF23: wenzi_img_20
A24: 1019 | B24: 石破天惊拳 | C24: 造成%d点%s拳法伤害，额外造成当前护甲150%的伤害 | D24: 1 | E24: 3000 | F24: 2 | G24: 4 | H24: 1 | I24: 5 | J24: 30 | K24: =IF(H24=H23,K23+1,1) -> 19 | L24: 3|6| | M24: =effect!A9 -> 4 | N24: 1 | O24: 2 | P24: =Q24 -> 117 | Q24: =OFFSET(effect!$A$1,MATCH(B24,effect!B:B,0)-1,0) -> 117 | S24: 10 | T24: 1 | V24: =W24&$V$1&X24&$V$1&$W$1&$X$1&$V$1&Y24&$V$1&$W$1 -> 301019|10|;400023|1500|; | W24: =300000+A24 -> 301019 | X24: 10 | Y24: 1500 | Z24: 20 | AA24: icon_105 | AB24: ·达到<span color='#ee6738'>筑基期</span>可通过境界突破领悟获得<br/>·通过<span color='#ee6738'>悟道台</span>获取碎片进行领悟获得 | AC24: 被称为最没有太玄门风格的招式名字，但创下这招法术的弟子偏偏喜欢这个名字。 | AD24: 2 | AE24: <span color='#ee6738'>境界突破</span>时领悟获得" | AF24: wenzi_img_21
A25: 1020 | B25: 血饮狂歌 | C25: 造成%d点%s拳法伤害，血量低于50%时，获得30%吸血效果 | D25: 1 | E25: 3000 | F25: 3 | G25: 4 | H25: 1 | I25: 4 | J25: 30 | K25: =IF(H25=H24,K24+1,1) -> 20 | L25: 3|6| | M25: =IF(N25=1,OFFSET(effect!$A$1,MATCH(I25,effect!K:K,0)-1,0),0) -> 14 | N25: 1 | O25: 2 | P25: =Q25 -> 86 | Q25: =OFFSET(effect!$A$1,MATCH(B25,effect!B:B,0)-1,0) -> 86 | S25: 10 | T25: 1 | V25: =W25&$V$1&X25&$V$1&$W$1&$X$1&$V$1&Y25&$V$1&$W$1 -> 301020|10|;400023|1500|; | W25: =300000+A25 -> 301020 | X25: 10 | Y25: 1500 | Z25: 20 | AA25: icon_104 | AB25: ·达到<span color='#ee6738'>金丹期</span>可通过境界突破领悟获得<br/>·通过<span color='#ee6738'>悟道台</span>获取碎片进行领悟获得 | AC25: 血魔宫的高级招术，十分擅长在绝境时反击敌人，断绝灵气，汲取敌人生命力。 | AD25: 2 | AE25: <span color='#ee6738'>境界突破</span>时领悟获得" | AF25: wenzi_img_22
A26: =H26*1000+F26*100+K26 -> 1401 | B26: 燃魂拳 | C26: 造成%d点%s拳法伤害，血量低于50%时，伤害增加40% | D26: 1 | E26: 4000 | F26: 4 | G26: 2 | H26: 1 | I26: 4 | J26: 30 | K26: =IF(F26=F25,K25+1,1) -> 1 | L26: 3|6| | M26: =effect!A9 -> 4 | N26: 1 | O26: 2 | P26: =Q26 -> 5 | Q26: =OFFSET(effect!$A$1,MATCH(B26,effect!B:B,0)-1,0) -> 5 | S26: 10 | T26: 1 | V26: =W26&$V$1&X26&$V$1&$W$1&$X$1&$V$1&Y26&$V$1&$W$1 -> 301401|10|;400023|750|; | W26: =300000+A26 -> 301401 | X26: 10 | Y26: 750 | Z26: 20 | AB26: ·达到<span color='#ee6738'>元婴期</span>可通过境界突破领悟获得<br/>·通过<span color='#ee6738'>悟道台</span>获取碎片进行领悟获得 | AC26: 血魔宫的真传招术，一般用于终结击杀敌人时使用。无数正道人士饮恨在这一招之下。 | AD26: 2 | AE26: <span color='#ee6738'>境界突破</span>时领悟获得" | AF26: wenzi_img_23
A27: =H27*1000+F27*100+K27 -> 1402 | B27: 焚天掌 | C27: 造成%d点%s拳法伤害，叠加2层炎息 | D27: 1 | E27: 4000 | F27: 4 | G27: 2 | H27: 1 | I27: 4 | J27: 30 | K27: =IF(F27=F26,K26+1,1) -> 2 | L27: 4|3| | M27: =IF(N27=1,OFFSET(effect!$A$1,MATCH(I27,effect!K:K,0)-1,0),0) -> 14 | N27: 1 | O27: 2 | P27: 13 | Q27: =OFFSET(effect!$A$1,MATCH(B27,effect!B:B,0)-1,0) -> #N/A | S27: 10 | T27: 1 | V27: =W27&$V$1&X27&$V$1&$W$1&$X$1&$V$1&Y27&$V$1&$W$1 -> 301402|10|;400023|750|; | W27: =300000+A27 -> 301402 | X27: 10 | Y27: 750 | Z27: 20 | AB27: ·达到<span color='#ee6738'>元婴期</span>可通过境界突破领悟获得<br/>·通过<span color='#ee6738'>悟道台</span>获取碎片进行领悟获得 | AC27: 金刚宗绝学，催动灵气剧烈燃烧，让自己的招术产生烈焱之力，破坏力惊人。 | AD27: 2 | AE27: <span color='#ee6738'>境界突破</span>时领悟获得" | AF27: wenzi_img_24
A28: =H28*1000+F28*100+K28 -> 1403 | B28: 玉龙杀 | C28: 造成%d点%s拳法伤害，上一招为拳法时，增加50%伤害 | D28: 1 | E28: 4000 | F28: 4 | G28: 2 | H28: 1 | I28: 6 | J28: 30 | K28: =IF(F28=F27,K27+1,1) -> 3 | L28: 3|6| | M28: =IF(N28=1,OFFSET(effect!$A$1,MATCH(I28,effect!K:K,0)-1,0),0) -> 13 | N28: 1 | O28: 2 | P28: 12 | Q28: =OFFSET(effect!$A$1,MATCH(B28,effect!B:B,0)-1,0) -> #N/A | S28: 10 | T28: 1 | V28: =W28&$V$1&X28&$V$1&$W$1&$X$1&$V$1&Y28&$V$1&$W$1 -> 301403|10|;400023|750|; | W28: =300000+A28 -> 301403 | X28: 10 | Y28: 750 | Z28: 20 | AB28: ·达到<span color='#ee6738'>元婴期</span>可通过境界突破领悟获得<br/>·通过<span color='#ee6738'>悟道台</span>获取碎片进行领悟获得 | AC28: 太玄门的绝学之一，拳法灵气召出龙形气浪轰击敌人，威力极为惊人。 | AD28: 2 | AE28: <span color='#ee6738'>境界突破</span>时领悟获得" | AF28: wenzi_img_25
A29: =H29*1000+F29*100+K29 -> 1404 | B29: 冲虚连指 | C29: 造成2~5次%d点%s拳法伤害 | D29: 1 | E29: 4000 | F29: 4 | G29: 3 | H29: 1 | I29: 5 | J29: 30 | K29: =IF(F29=F28,K28+1,1) -> 4 | L29: 3|6| | M29: =IF(N29=1,OFFSET(effect!$A$1,MATCH(I29,effect!K:K,0)-1,0),0) -> 18 | N29: 1 | O29: 2 | P29: 12 | Q29: =OFFSET(effect!$A$1,MATCH(B29,effect!B:B,0)-1,0) -> #N/A | S29: 10 | T29: 1 | V29: =W29&$V$1&X29&$V$1&$W$1&$X$1&$V$1&Y29&$V$1&$W$1 -> 301404|10|;400023|1000|; | W29: =300000+A29 -> 301404 | X29: 10 | Y29: 1000 | Z29: 9 | AB29: ·达到<span color='#ee6738'>元婴期</span>可通过境界突破领悟获得<br/>·通过<span color='#ee6738'>悟道台</span>获取碎片进行领悟获得 | AC29: 太玄门真传拳法之一，修炼此招术到高深处，可以一敌二，发出数道法力轰击敌人。 | AD29: 2 | AE29: <span color='#ee6738'>境界突破</span>时领悟获得" | AF29: wenzi_img_26
A30: =H30*1000+F30*100+K30 -> 1405 | B30: 金刚伏魔拳 | C30: 造成%d点%s拳法伤害，本回合每出一张拳法牌，增加造成伤害30%的护甲 | D30: 1 | E30: 4000 | F30: 4 | G30: 4 | H30: 1 | I30: 1 | J30: 30 | K30: =IF(F30=F29,K29+1,1) -> 5 | V30: =W30&$V$1&X30&$V$1&$W$1&$X$1&$V$1&Y30&$V$1&$W$1 -> 301405|10|;400023|1500|; | W30: =300000+A30 -> 301405 | X30: 10 | Y30: 1500
A31: =H31*1000+F31*100+K31 -> 1501 | B31: 九杀拳 | C31: 对敌人造成大量拳法伤害，对自己造成20%伤害 | D31: 1 | E31: 5000 | F31: 5 | G31: 2 | H31: 1 | I31: 6 | J31: 30 | K31: =IF(F31=F29,K29+1,1) -> 1 | L31: 3|6| | M31: =IF(N31=1,OFFSET(effect!$A$1,MATCH(I31,effect!K:K,0)-1,0),0) -> 13 | N31: 1 | O31: 2 | P31: 12 | Q31: =OFFSET(effect!$A$1,MATCH(B31,effect!B:B,0)-1,0) -> #N/A | S31: 10 | T31: 1 | V31: =W31&$V$1&X31&$V$1&$W$1&$X$1&$V$1&Y31&$V$1&$W$1 -> 301501|10|;400023|750|; | W31: =300000+A31 -> 301501 | X31: 10 | Y31: 750 | Z31: 16 | AB31: ·达到<span color='#ee6738'>元婴期</span>可通过境界突破领悟获得<br/>·通过<span color='#ee6738'>悟道台</span>获取碎片进行领悟获得 | AC31: 血魔老祖的成名绝技，以滔天魔力无可匹敌闻名于修仙界。 | AD31: 2 | AE31: <span color='#ee6738'>境界突破</span>时领悟获得" | AF31: wenzi_img_27
A32: =H32*1000+F32*100+K32 -> 1502 | B32: 玄冥指 | C32: 造成%d点%s拳法伤害，叠加2层冰冻 | D32: 1 | E32: 5000 | F32: 5 | G32: 2 | H32: 1 | I32: 5 | J32: 30 | K32: =IF(F32=F31,K31+1,1) -> 2 | L32: 3|6| | M32: =IF(N32=1,OFFSET(effect!$A$1,MATCH(I32,effect!K:K,0)-1,0),0) -> 0 | N32: 0 | O32: 2 | P32: 12 | Q32: =OFFSET(effect!$A$1,MATCH(B32,effect!B:B,0)-1,0) -> #N/A | S32: 10 | T32: 1 | V32: =W32&$V$1&X32&$V$1&$W$1&$X$1&$V$1&Y32&$V$1&$W$1 -> 301502|10|;400023|750|; | W32: =300000+A32 -> 301502 | X32: 10 | Y32: 750 | Z32: 20 | AB32: ·达到<span color='#ee6738'>炼气期</span>可通过境界突破领悟获得<br/>·通过<span color='#ee6738'>悟道台</span>获取碎片进行领悟获得 | AC32: 血魔老祖的不死法术，用血魔功法断绝自己气机，再重新组合身体的方式，可以暂时免疫致命伤。 | AD32: 2 | AE32: <span color='#ee6738'>境界突破</span>时领悟获得" | AF32: wenzi_img_28
A33: =H33*1000+F33*100+K33 -> 1503 | B33: 血冥爪 | C33: 造成%d点%s拳法伤害，血量低于50%时，获得40%吸血效果 | D33: 1 | E33: 5000 | F33: 5 | G33: 2 | H33: 1 | I33: 6 | J33: 30 | K33: =IF(F33=F32,K32+1,1) -> 3 | L33: 3|6| | M33: =IF(N33=1,OFFSET(effect!$A$1,MATCH(I33,effect!K:K,0)-1,0),0) -> 13 | N33: 1 | O33: 2 | P33: 90 | Q33: =OFFSET(effect!$A$1,MATCH(B33,effect!B:B,0)-1,0) -> #N/A | S33: 10 | T33: 1 | V33: =W33&$V$1&X33&$V$1&$W$1&$X$1&$V$1&Y33&$V$1&$W$1 -> 301503|10|;400023|750|; | W33: =300000+A33 -> 301503 | X33: 10 | Y33: 750 | Z33: 33 | AB33: ·达到<span color='#ee6738'>炼气期</span>可通过境界突破领悟获得<br/>·通过<span color='#ee6738'>悟道台</span>获取碎片进行领悟获得 | AC33: 太玄冲门，习练太玄拳法的弟子说，他们曾用这一招撞开过无数贼寇的城门。 | AD33: 2 | AE33: <span color='#ee6738'>境界突破</span>时领悟获得" | AF33: wenzi_img_29
A34: =H34*1000+F34*100+K34 -> 1504 | B34: 血煞化罡 | C34: 获得本回合累计受到伤害30%的护甲 | D34: 1 | E34: 5000 | F34: 5 | G34: 3 | H34: 1 | I34: 4 | J34: 30 | K34: =IF(F34=F33,K33+1,1) -> 4 | V34: =W34&$V$1&X34&$V$1&$W$1&$X$1&$V$1&Y34&$V$1&$W$1 -> 301504|10|;400023|1000|; | W34: =300000+A34 -> 301504 | X34: 10 | Y34: 1000
A35: =H35*1000+F35*100+K35 -> 1505 | B35: 混元真罡 | C35: 造成%d点%s拳法伤害，额外造成当前护甲200%的伤害 | D35: 1 | E35: 5000 | F35: 5 | G35: 4 | H35: 1 | I35: 5 | J35: 30 | K35: =IF(F35=F34,K34+1,1) -> 5 | V35: =W35&$V$1&X35&$V$1&$W$1&$X$1&$V$1&Y35&$V$1&$W$1 -> 301505|10|;400023|1500|; | W35: =300000+A35 -> 301505 | X35: 10 | Y35: 1500
A36: =H36*1000+F36*100+K36 -> 1601 | B36: 璇玑杀 | C36: 造成%d点%s拳法伤害，血量低于50%时，伤害增加50% | D36: 0 | E36: 6000 | F36: 6 | G36: 3 | H36: 1 | I36: 6 | J36: 30 | K36: =IF(F36=F33,K33+1,1) -> 1 | L36: 3|6| | M36: 10 | N36: 1 | O36: 2 | P36: 13 | Q36: =OFFSET(effect!$A$1,MATCH(B36,effect!B:B,0)-1,0) -> #N/A | S36: 10 | T36: 1 | V36: =W36&$V$1&X36&$V$1&$W$1&$X$1&$V$1&Y36&$V$1&$W$1 -> 301601|10|;400023|1000|; | W36: =300000+A36 -> 301601 | X36: 10 | Y36: 1000 | Z36: 20 | AB36: ·达到<span color='#ee6738'>炼气期</span>可通过境界突破领悟获得<br/>·通过<span color='#ee6738'>悟道台</span>获取碎片进行领悟获得 | AC36: 血魔老祖在太玄门和蜀山的联手袭杀下，绝境之中领悟的招术，通过灵力挖掘身体全部潜力，威力恐怖。 | AD36: 2 | AE36: <span color='#ee6738'>境界突破</span>时领悟获得" | AF36: wenzi_img_30
A37: =H37*1000+F37*100+K37 -> 1602 | B37: 灭魔掌 | C37: 造成%d点%s拳法伤害，本回合每出一张拳法牌，伤害增加35% | D37: 0 | E37: 6000 | F37: 6 | G37: 4 | H37: 1 | I37: 5 | J37: 30 | K37: =IF(F37=F36,K36+1,1) -> 2 | L37: 3|6| | M37: =IF(N37=1,OFFSET(effect!$A$1,MATCH(I37,effect!K:K,0)-1,0),0) -> 18 | N37: 1 | O37: 2 | P37: 1 | Q37: =OFFSET(effect!$A$1,MATCH(B37,effect!B:B,0)-1,0) -> #N/A | S37: 10 | T37: 1 | V37: =W37&$V$1&X37&$V$1&$W$1&$X$1&$V$1&Y37&$V$1&$W$1 -> 301602|10|;400023|1500|; | W37: =300000+A37 -> 301602 | X37: 10 | Y37: 1500 | Z37: 11 | AB37: ·达到<span color='#ee6738'>筑基期</span>可通过境界突破领悟获得<br/>·通过<span color='#ee6738'>悟道台</span>获取碎片进行领悟获得 | AC37: 太玄门上一代掌门在重伤闭关后领悟的招术，据说是一招秘传的拳法，专门用于对付血魔老祖。 | AD37: 2 | AE37: <span color='#ee6738'>境界突破</span>时领悟获得" | AF37: wenzi_img_31
A38: =H38*1000+F38*100+K38 -> 1603 | B38: 贯星角 | C38: 造成0~5倍%d点%s拳法伤害 | D38: 0 | E38: 6000 | F38: 6 | G38: 4 | H38: 1 | I38: 5 | J38: 30 | K38: =IF(F38=F37,K37+1,1) -> 3 | L38: 4|3| | M38: =IF(N38=1,OFFSET(effect!$A$1,MATCH(I38,effect!K:K,0)-1,0),0) -> 18 | N38: 1 | O38: 2 | P38: 1 | Q38: =OFFSET(effect!$A$1,MATCH(B38,effect!B:B,0)-1,0) -> #N/A | S38: 10 | T38: 1 | V38: =W38&$V$1&X38&$V$1&$W$1&$X$1&$V$1&Y38&$V$1&$W$1 -> 301603|10|;400023|1500|; | W38: =300000+A38 -> 301603 | X38: 10 | Y38: 1500 | Z38: 11 | AB38: ·达到<span color='#ee6738'>筑基期</span>可通过境界突破领悟获得<br/>·通过<span color='#ee6738'>悟道台</span>获取碎片进行领悟获得 | AC38: 传闻中金仙梦中传授的技法，有缘人方能习得。 | AD38: 2 | AE38: <span color='#ee6738'>境界突破</span>时领悟获得" | AF38: wenzi_img_32
A39: =H39*1000+F39*100+K39 -> 1604 | B39: 却死逆命 | C39: 1回合内，自身血量不会降低到1以下 | D39: 0 | E39: 6000 | F39: 6 | G39: 4 | H39: 1 | I39: 5 | J39: 30 | K39: =IF(F39=F38,K38+1,1) -> 4 | L39: 4|3| | M39: =IF(N39=1,OFFSET(effect!$A$1,MATCH(I39,effect!K:K,0)-1,0),0) -> 18 | N39: 1 | O39: 2 | P39: 1 | Q39: =OFFSET(effect!$A$1,MATCH(B39,effect!B:B,0)-1,0) -> #N/A | S39: 10 | T39: 1 | V39: =W39&$V$1&X39&$V$1&$W$1&$X$1&$V$1&Y39&$V$1&$W$1 -> 301604|10|;400023|1500|; | W39: =300000+A39 -> 301604 | X39: 10 | Y39: 1500 | Z39: 11 | AB39: ·达到<span color='#ee6738'>筑基期</span>可通过境界突破领悟获得<br/>·通过<span color='#ee6738'>悟道台</span>获取碎片进行领悟获得 | AC39: 传闻中金仙梦中传授的技法，有缘人方能习得。 | AD39: 2 | AE39: <span color='#ee6738'>境界突破</span>时领悟获得" | AF39: wenzi_img_32
A40: 2001 | B40: 劈剑式 | C40: 造成%d点%s剑法伤害 | D40: 1 | E40: 1000 | F40: 1 | G40: 1 | H40: 2 | I40: 1 | J40: 30 | K40: =IF(H40=H38,K38+1,1) -> 1 | L40: 3|6| | M40: =IF(N40=1,OFFSET(effect!$A$1,MATCH(I40,effect!K:K,0)-1,0),0) -> 15 | N40: 1 | O40: 2 | P40: =Q40 -> 54 | Q40: =OFFSET(effect!$A$1,MATCH(B40,effect!B:B,0)-1,0) -> 54 | S40: 10 | T40: 1 | U40: 1 | V40: =W40&$V$1&X40&$V$1&$W$1&$X$1&$V$1&Y40&$V$1&$W$1 -> 302001|10|;400023|500|; | W40: =300000+A40 -> 302001 | X40: 10 | Y40: 500 | Z40: 31 | AA40: icon_07 | AB40: ·达到<span color='#ee6738'>锻体期</span>可通流派选择获得<br/>·通过<span color='#ee6738'>悟道台</span>获取碎片进行领悟获得 | AC40: 剑术的基础招式，若是刀法，武林人士会称之为力劈华山。 | AD40: 2 | AE40: <span color='#ee6738'>境界突破</span>时领悟获得" | AF40: wenzi_img_33
A41: 2002 | B41: 撩剑式 | C41: 造成%d点%s剑法伤害 | D41: 1 | E41: 1000 | F41: 1 | G41: 1 | H41: 2 | I41: 1 | J41: 30 | K41: =IF(H41=H40,K40+1,1) -> 2 | L41: 3|6| | M41: =IF(N41=1,OFFSET(effect!$A$1,MATCH(I41,effect!K:K,0)-1,0),0) -> 15 | N41: 1 | O41: 2 | P41: =Q41 -> 53 | Q41: =OFFSET(effect!$A$1,MATCH(B41,effect!B:B,0)-1,0) -> 53 | S41: 10 | T41: 1 | U41: 1 | V41: =W41&$V$1&X41&$V$1&$W$1&$X$1&$V$1&Y41&$V$1&$W$1 -> 302002|10|;400023|500|; | W41: =300000+A41 -> 302002 | X41: 10 | Y41: 500 | Z41: 31 | AA41: icon_08 | AB41: ·达到<span color='#ee6738'>锻体期</span>可通流派选择获得<br/>·通过<span color='#ee6738'>悟道台</span>获取碎片进行领悟获得 | AC41: 撩剑式角度刁钻，可遇到修仙者远远施展的飞剑就完全失去了实战作用。 | AD41: 2 | AE41: <span color='#ee6738'>境界突破</span>时领悟获得" | AF41: wenzi_img_34
A42: 2003 | B42: 飞虹贯日 | C42: 造成%d点%s剑法伤害，上一招为剑法时，增加40伤害 | D42: 1 | E42: 1000 | F42: 1 | G42: 2 | H42: 2 | I42: 1 | J42: 30 | K42: =IF(H42=H41,K41+1,1) -> 3 | L42: 3|6| | M42: =IF(N42=1,OFFSET(effect!$A$1,MATCH(I42,effect!K:K,0)-1,0),0) -> 15 | N42: 1 | O42: 2 | P42: =Q42 -> 42 | Q42: =OFFSET(effect!$A$1,MATCH(B42,effect!B:B,0)-1,0) -> 42 | S42: 10 | T42: 1 | U42: 1 | V42: =W42&$V$1&X42&$V$1&$W$1&$X$1&$V$1&Y42&$V$1&$W$1 -> 302003|10|;400023|750|; | W42: =300000+A42 -> 302003 | X42: 10 | Y42: 750 | Z42: 7 | AA42: icon_09 | AB42: ·达到<span color='#ee6738'>锻体期</span>可通流派选择获得<br/>·通过<span color='#ee6738'>悟道台</span>获取碎片进行领悟获得 | AC42: 咻咻咻！全神贯注，一剑全力刺出时，旁人不见其影，只听闻利刃破空声。 | AD42: 2 | AE42: <span color='#ee6738'>境界突破</span>时领悟获得" | AF42: wenzi_img_35
A43: 2004 | B43: 瞬剑 | C43: 造成%d点%s剑法伤害，第一招打出时，增加40伤害 | D43: 1 | E43: 1000 | F43: 1 | G43: 1 | H43: 2 | I43: 1 | J43: 30 | K43: =IF(H43=H42,K42+1,1) -> 4 | L43: 3|6| | N43: 1 | O43: 2 | P43: =Q43 -> 59 | Q43: =OFFSET(effect!$A$1,MATCH(B43,effect!B:B,0)-1,0) -> 59 | S43: 10 | T43: 1 | U43: 1 | V43: =W43&$V$1&X43&$V$1&$W$1&$X$1&$V$1&Y43&$V$1&$W$1 -> 302004|10|;400023|500|; | W43: =300000+A43 -> 302004 | X43: 10 | Y43: 500 | Z43: 31 | AA43: icon_11 | AB43: ·达到<span color='#ee6738'>锻体期</span>可通流派选择获得<br/>·通过<span color='#ee6738'>悟道台</span>获取碎片进行领悟获得 | AC43: 瞬剑据说是飞剑术的简化版，以神念御剑，出手时毫无征兆，很适合最为先手突袭招式。 | AD43: 2 | AE43: <span color='#ee6738'>境界突破</span>时领悟获得" | AF43: wenzi_img_36
A44: 2005 | B44: 剑气斩 | C44: 造成%d点%s剑法伤害，上一招为剑法时，增加30%伤害 | D44: 1 | E44: 1000 | F44: 1 | G44: 2 | H44: 2 | I44: 1 | J44: 30 | K44: =IF(H44=H43,K43+1,1) -> 5 | L44: 3|6| | M44: =effect!A72 -> 71 | N44: 1 | O44: 2 | P44: =Q44 -> 72 | Q44: =OFFSET(effect!$A$1,MATCH(B44,effect!B:B,0)-1,0) -> 72 | S44: 10 | T44: 1 | U44: 1 | V44: =W44&$V$1&X44&$V$1&$W$1&$X$1&$V$1&Y44&$V$1&$W$1 -> 302005|10|;400023|750|; | W44: =300000+A44 -> 302005 | X44: 10 | Y44: 750 | Z44: 7 | AA44: icon_44 | AB44: ·达到<span color='#ee6738'>锻体期</span>可通境界突破领悟获得<br/>·通过<span color='#ee6738'>悟道台</span>获取碎片进行领悟获得 | AC44: 蜀山基础剑诀，如果不会一道远程剑气斩，谁敢自称在蜀山学剑？ | AD44: 2 | AE44: <span color='#ee6738'>境界突破</span>时领悟获得" | AF44: wenzi_img_37
A45: 2006 | B45: 赤霄剑 | C45: 造成%d点%s剑法伤害,叠加1层炎息 | D45: 1 | E45: 1003 | F45: 1 | G45: 1 | H45: 2 | I45: 4 | J45: 30 | K45: =IF(H45=H44,K44+1,1) -> 6 | L45: 4|3| | M45: =IF(N45=1,OFFSET(effect!$A$1,MATCH(I45,effect!K:K,0)-1,0),0) -> 14 | N45: 1 | O45: 2 | P45: 1 | Q45: =OFFSET(effect!$A$1,MATCH(B45,effect!B:B,0)-1,0) -> #N/A | S45: 10 | T45: 1 | U45: 1 | V45: =W45&$V$1&X45&$V$1&$W$1&$X$1&$V$1&Y45&$V$1&$W$1 -> 302006|10|;400023|500|; | W45: =300000+A45 -> 302006 | X45: 10 | Y45: 500 | Z45: 10 | AA45: icon_49 | AB45: ·达到<span color='#ee6738'>炼气期</span>可通过境界突破领悟获得<br/>·通过<span color='#ee6738'>悟道台</span>获取碎片进行领悟获得 | AC45: 将火灵力注入剑中，使之激发出五行厉火之气。 | AD45: 2 | AE45: <span color='#ee6738'>境界突破</span>时领悟获得" | AF45: wenzi_img_38
A46: 2007 | B46: 凌霜剑 | C46: 造成%d点%s剑法伤害,叠加1层冰冻 | D46: 1 | E46: 1003 | F46: 1 | G46: 1 | H46: 2 | I46: 3 | J46: 30 | K46: =IF(H46=H45,K45+1,1) -> 7 | L46: 3|6| | M46: =effect!A26 -> 21 | N46: 1 | O46: 2 | P46: =Q46 -> 22 | Q46: =OFFSET(effect!$A$1,MATCH(B46,effect!B:B,0)-1,0) -> 22 | S46: 10 | T46: 1 | U46: 1 | V46: =W46&$V$1&X46&$V$1&$W$1&$X$1&$V$1&Y46&$V$1&$W$1 -> 302007|10|;400023|500|; | W46: =300000+A46 -> 302007 | X46: 10 | Y46: 500 | Z46: 21 | AA46: icon_50 | AB46: ·达到<span color='#ee6738'>炼气期</span>可通过境界突破领悟获得<br/>·通过<span color='#ee6738'>悟道台</span>获取碎片进行领悟获得 | AC46: 将水灵力注入剑中，使之激发出五行凌霜之气。 | AD46: 2 | AE46: <span color='#ee6738'>境界突破</span>时领悟获得" | AF46: wenzi_img_39
A47: 2008 | B47: 竹影青烟剑 | C47: 造成%d点%s剑法伤害,上一招为剑法时，造成1~2次伤害 | D47: 1 | E47: 1003 | F47: 1 | G47: 2 | H47: 2 | I47: 2 | J47: 30 | K47: =IF(H47=H46,K46+1,1) -> 8 | L47: 3|6| | M47: =effect!A33 -> 29 | N47: 1 | O47: 2 | P47: 17 | Q47: =OFFSET(effect!$A$1,MATCH(B47,effect!B:B,0)-1,0) -> 29 | S47: 10 | T47: 1 | U47: 1 | V47: =W47&$V$1&X47&$V$1&$W$1&$X$1&$V$1&Y47&$V$1&$W$1 -> 302008|10|;400023|750|; | W47: =300000+A47 -> 302008 | X47: 10 | Y47: 750 | Z47: 27 | AA47: icon_39 | AB47: ·达到<span color='#ee6738'>炼气期</span>可通过境界突破领悟获得<br/>·通过<span color='#ee6738'>悟道台</span>获取碎片进行领悟获得 | AC47: 传说是一位长老在竹林中折竹节为剑，生死攸关之际所领悟，随即大杀四方。 | AD47: 2 | AE47: <span color='#ee6738'>境界突破</span>时领悟获得" | AF47: wenzi_img_40
A48: 2009 | B48: 御剑诀 | C48: 造成%d点%s剑法伤害,从牌库中抽1张剑法并且打出 | D48: 1 | E48: 1003 | F48: 1 | G48: 3 | H48: 2 | I48: 1 | J48: 30 | K48: =IF(H48=H47,K47+1,1) -> 9 | L48: 3|6| | N48: 1 | O48: 2 | P48: =Q48 -> 2 | Q48: =OFFSET(effect!$A$1,MATCH(B48,effect!B:B,0)-1,0) -> 2 | S48: 10 | T48: 1 | U48: 1 | V48: =W48&$V$1&X48&$V$1&$W$1&$X$1&$V$1&Y48&$V$1&$W$1 -> 302009|10|;400023|1000|; | W48: =300000+A48 -> 302009 | X48: 10 | Y48: 1000 | Z48: 31 | AA48: icon_48 | AB48: ·达到<span color='#ee6738'>炼气期</span>可通过境界突破领悟获得<br/>·通过<span color='#ee6738'>悟道台</span>获取碎片进行领悟获得 | AC48: 传闻为蜀山仙师所传授，可以作为口诀心法配合剑招，使得凡俗剑术也威力大增。 | AD48: 2 | AE48: <span color='#ee6738'>境界突破</span>时领悟获得" | AF48: wenzi_img_41
A49: 2010 | B49: 剑气侵袭 | C49: 造成%d点%s剑法伤害,上一招为剑法时，增加敌人受到伤害30%，持续2回合 | D49: 1 | E49: 1003 | F49: 1 | G49: 2 | H49: 2 | I49: 1 | J49: 30 | K49: =IF(H49=H48,K48+1,1) -> 10 | L49: 4|3| | M49: =IF(N49=1,OFFSET(effect!$A$1,MATCH(I49,effect!K:K,0)-1,0),0) -> 15 | N49: 1 | O49: 2 | P49: =Q49 -> 26 | Q49: =OFFSET(effect!$A$1,MATCH(B49,effect!B:B,0)-1,0) -> 26 | S49: 10 | T49: 1 | U49: 1 | V49: =W49&$V$1&X49&$V$1&$W$1&$X$1&$V$1&Y49&$V$1&$W$1 -> 302010|10|;400023|750|; | W49: =300000+A49 -> 302010 | X49: 10 | Y49: 750 | Z49: 31 | AA49: icon_43 | AB49: ·达到<span color='#ee6738'>炼气期</span>可通过境界突破领悟获得<br/>·通过<span color='#ee6738'>悟道台</span>获取碎片进行领悟获得 | AC49: 蜀山一位长老说过，剑气侵袭就跟女人一样，它们都让人更容易受伤。 | AD49: 2 | AE49: <span color='#ee6738'>境界突破</span>时领悟获得" | AF49: wenzi_img_42
A50: 2011 | B50: 泰山剑 | C50: 造成%d点%s剑法伤害，上一招为剑法时，增加40点护甲 | D50: 1 | E50: 1003 | F50: 2 | G50: 1 | H50: 2 | I50: 5 | J50: 30 | K50: =IF(H50=H49,K49+1,1) -> 11 | L50: 4|3| | M50: =IF(N50=1,OFFSET(effect!$A$1,MATCH(I50,effect!K:K,0)-1,0),0) -> 18 | N50: 1 | O50: 2 | P50: 12 | Q50: =OFFSET(effect!$A$1,MATCH(B50,effect!B:B,0)-1,0) -> #N/A | S50: 10 | T50: 1 | U50: 1 | V50: =W50&$V$1&X50&$V$1&$W$1&$X$1&$V$1&Y50&$V$1&$W$1 -> 302011|10|;400023|500|; | W50: =300000+A50 -> 302011 | X50: 10 | Y50: 500 | Z50: 31 | AA50: icon_40 | AB50: ·达到<span color='#ee6738'>筑基期</span>可通过境界突破领悟获得<br/>·通过<span color='#ee6738'>悟道台</span>获取碎片进行领悟获得 | AC50: 将土灵力注入剑中，使之激发出五行重土之气。 | AD50: 2 | AE50: <span color='#ee6738'>境界突破</span>时领悟获得" | AF50: wenzi_img_43
A51: 2012 | B51: 巽风式 | C51: 造成%d点%s剑法伤害，第一招打出时，增加40伤害 | D51: 1 | E51: 1003 | F51: 2 | G51: 2 | H51: 2 | I51: 1 | J51: 30 | K51: =IF(H51=H50,K50+1,1) -> 12 | L51: 3|6| | M51: =IF(N51=1,OFFSET(effect!$A$1,MATCH(I51,effect!K:K,0)-1,0),0) -> 15 | N51: 1 | O51: 2 | P51: =Q51 -> 99 | Q51: =OFFSET(effect!$A$1,MATCH(B51,effect!B:B,0)-1,0) -> 99 | S51: 10 | T51: 1 | U51: 1 | V51: =W51&$V$1&X51&$V$1&$W$1&$X$1&$V$1&Y51&$V$1&$W$1 -> 302012|10|;400023|750|; | W51: =300000+A51 -> 302012 | X51: 10 | Y51: 750 | Z51: 31 | AA51: icon_53 | AB51: ·达到<span color='#ee6738'>筑基期</span>可通过境界突破领悟获得<br/>·通过<span color='#ee6738'>悟道台</span>获取碎片进行领悟获得 | AC51: 将风灵力注入剑中，使之激发出五行疾风之气。抢先而攻，迅疾无匹。 | AD51: 2 | AE51: <span color='#ee6738'>境界突破</span>时领悟获得" | AF51: wenzi_img_44
A52: 2013 | B52: 奔雷式 | C52: 造成%d点%s剑法伤害，本回合每出一张剑法牌，伤害增加25% | D52: 1 | E52: 2000 | F52: 2 | G52: 4 | H52: 2 | I52: 1 | J52: 30 | K52: =IF(H52=H51,K51+1,1) -> 13 | L52: 3|6| | M52: 27 | N52: 1 | O52: 2 | P52: 28 | Q52: =OFFSET(effect!$A$1,MATCH(B52,effect!B:B,0)-1,0) -> #N/A | S52: 10 | T52: 1 | V52: =W52&$V$1&X52&$V$1&$W$1&$X$1&$V$1&Y52&$V$1&$W$1 -> 302013|10|;400023|1500|; | W52: =300000+A52 -> 302013 | X52: 10 | Y52: 1500 | Z52: 30 | AA52: icon_54 | AB52: ·达到<span color='#ee6738'>筑基期</span>可通过境界突破领悟获得<br/>·通过<span color='#ee6738'>悟道台</span>获取碎片进行领悟获得 | AC52: 传说有一位剑仙，御剑从天外而降，势若奔雷，震荡邪魔。 | AD52: 2 | AE52: <span color='#ee6738'>境界突破</span>时领悟获得" | AF52: wenzi_img_45
A53: 2014 | B53: 撼岳式 | C53: 造成%d点%s剑法伤害，破除敌人50%护甲 | D53: 1 | E53: 2000 | F53: 2 | G53: 3 | H53: 2 | I53: 5 | J53: 30 | K53: =IF(H53=H52,K52+1,1) -> 14 | L53: 3|6| | M53: =IF(N53=1,OFFSET(effect!$A$1,MATCH(I53,effect!K:K,0)-1,0),0) -> 18 | N53: 1 | O53: 2 | P53: =Q53 -> 31 | Q53: =OFFSET(effect!$A$1,MATCH(B53,effect!B:B,0)-1,0) -> 31 | S53: 10 | T53: 1 | U53: 1 | V53: =W53&$V$1&X53&$V$1&$W$1&$X$1&$V$1&Y53&$V$1&$W$1 -> 302014|10|;400023|1000|; | W53: =300000+A53 -> 302014 | X53: 10 | Y53: 1000 | Z53: 7 | AA53: icon_55 | AB53: ·达到<span color='#ee6738'>筑基期</span>可通过境界突破领悟获得<br/>·通过<span color='#ee6738'>悟道台</span>获取碎片进行领悟获得 | AC53: 据说撼岳式是蜀山某位好胜的长老，专门为了门派大比克制太玄门而创的。 | AD53: 2 | AE53: <span color='#ee6738'>境界突破</span>时领悟获得" | AF53: wenzi_img_46
A54: 2015 | B54: 剑意 | C54: 增加剑法伤害29%，持续2回合 | D54: 1 | E54: 2000 | F54: 2 | G54: 1 | H54: 2 | I54: 1 | J54: 30 | K54: =IF(H54=H53,K53+1,1) -> 15 | L54: 3|6| | N54: 0 | O54: 1 | P54: =Q54 -> 49 | Q54: =OFFSET(effect!$A$1,MATCH(B54,effect!B:B,0)-1,0) -> 49 | R54: =effect!A54 -> 50 | S54: 10 | T54: 1 | U54: 1 | V54: =W54&$V$1&X54&$V$1&$W$1&$X$1&$V$1&Y54&$V$1&$W$1 -> 302015|10|;400023|500|; | W54: =300000+A54 -> 302015 | X54: 10 | Y54: 500 | Z54: 16 | AA54: icon_14 | AB54: ·达到<span color='#ee6738'>筑基期</span>可通过境界突破领悟获得<br/>·通过<span color='#ee6738'>悟道台</span>获取碎片进行领悟获得 | AC54: 传闻为蜀山仙师所传授，可以作为口诀心法配合剑招，使得凡俗剑术也威力大增。 | AD54: 2 | AE54: <span color='#ee6738'>境界突破</span>时领悟获得" | AF54: wenzi_img_47
A55: 2016 | B55: 空明斩 | C55: 造成%d点%s剑法伤害,上一招为剑法时，使敌人下一招无效 | D55: 1 | E55: 2000 | F55: 3 | G55: 2 | H55: 2 | I55: 1 | J55: 30 | K55: =IF(H55=H54,K54+1,1) -> 16 | L55: 3|6| | M55: =IF(N55=1,OFFSET(effect!$A$1,MATCH(I55,effect!K:K,0)-1,0),0) -> 15 | N55: 1 | O55: 2 | P55: =Q55 -> 113 | Q55: =OFFSET(effect!$A$1,MATCH(B55,effect!B:B,0)-1,0) -> 113 | S55: 10 | T55: 1 | U55: 1 | V55: =W55&$V$1&X55&$V$1&$W$1&$X$1&$V$1&Y55&$V$1&$W$1 -> 302016|10|;400023|750|; | W55: =300000+A55 -> 302016 | X55: 10 | Y55: 750 | Z55: 7 | AA55: icon_150 | AB55: ·达到<span color='#ee6738'>金丹期</span>可通过境界突破领悟获得<br/>·通过<span color='#ee6738'>悟道台</span>获取碎片进行领悟获得 | AC55: 视若未睹，心无一物。某位受伤失明后的蜀山天才落难后所创招式，他以此重回蜀山成为一代传奇。 | AD55: 2 | AE55: <span color='#ee6738'>境界突破</span>时领悟获得" | AF55: wenzi_img_48
A56: 2017 | B56: 赤炎斩 | C56: 造成%d点%s剑法伤害，叠加2层炎息 | D56: 1 | E56: 2000 | F56: 3 | G56: 1 | H56: 2 | I56: 4 | J56: 30 | K56: =IF(H56=H55,K55+1,1) -> 17 | L56: 3|6| | M56: =IF(N56=1,OFFSET(effect!$A$1,MATCH(I56,effect!K:K,0)-1,0),0) -> 14 | N56: 1 | O56: 2 | P56: =Q56 -> 1 | Q56: =OFFSET(effect!$A$1,MATCH(B56,effect!B:B,0)-1,0) -> 1 | S56: 10 | T56: 1 | U56: 1 | V56: =W56&$V$1&X56&$V$1&$W$1&$X$1&$V$1&Y56&$V$1&$W$1 -> 302017|10|;400023|500|; | W56: =300000+A56 -> 302017 | X56: 10 | Y56: 500 | Z56: 10 | AA56: icon_151 | AB56: ·达到<span color='#ee6738'>金丹期</span>可通过境界突破领悟获得<br/>·通过<span color='#ee6738'>悟道台</span>获取碎片进行领悟获得 | AC56: 燃烧吧~我的火焰和青春！ | AD56: 2 | AE56: <span color='#ee6738'>境界突破</span>时领悟获得" | AF56: wenzi_img_49
A57: 2018 | B57: 雷音剑 | C57: 造成%d点%s剑法伤害，上一招为剑法时，增加50%伤害 | D57: 1 | E57: 3000 | F57: 3 | G57: 2 | H57: 2 | I57: 1 | J57: 30 | K57: =IF(H57=H56,K56+1,1) -> 18 | L57: 3|6| | M57: 33 | N57: 1 | O57: 2 | P57: =Q57 -> 28 | Q57: =OFFSET(effect!$A$1,MATCH(B57,effect!B:B,0)-1,0) -> 28 | S57: 10 | T57: 1 | U57: 1 | V57: =W57&$V$1&X57&$V$1&$W$1&$X$1&$V$1&Y57&$V$1&$W$1 -> 302018|10|;400023|750|; | W57: =300000+A57 -> 302018 | X57: 10 | Y57: 750 | Z57: 30 | AA57: icon_47 | AB57: ·达到<span color='#ee6738'>金丹期</span>可通过境界突破领悟获得<br/>·通过<span color='#ee6738'>悟道台</span>获取碎片进行领悟获得 | AC57: 蜀山流传这样一句激励的名言，雷音剑往往不会作为第一招出手，但它从不会错过时机。 | AD57: 2 | AE57: <span color='#ee6738'>境界突破</span>时领悟获得" | AF57: wenzi_img_50
A58: 2019 | B58: 气吞山河 | C58: 造成%d点%s剑法伤害，上一招为剑法时，获得30%吸血效果 | D58: 1 | E58: 3000 | F58: 3 | G58: 3 | H58: 2 | I58: 1 | J58: 30 | K58: =IF(H58=H57,K57+1,1) -> 19 | L58: 4|3| | M58: =IF(N58=1,OFFSET(effect!$A$1,MATCH(I58,effect!K:K,0)-1,0),0) -> 15 | N58: 1 | O58: 2 | P58: =Q58 -> 57 | Q58: =OFFSET(effect!$A$1,MATCH(B58,effect!B:B,0)-1,0) -> 57 | S58: 10 | T58: 1 | U58: 1 | V58: =W58&$V$1&X58&$V$1&$W$1&$X$1&$V$1&Y58&$V$1&$W$1 -> 302019|10|;400023|1000|; | W58: =300000+A58 -> 302019 | X58: 10 | Y58: 1000 | Z58: 7 | AA58: icon_10 | AB58: ·达到<span color='#ee6738'>金丹期</span>可通过境界突破领悟获得<br/>·通过<span color='#ee6738'>悟道台</span>获取碎片进行领悟获得 | AC58: 传闻只有心胸宽广之人，才能施展出这一招的气吞山河之象。 | AD58: 2 | AE58: <span color='#ee6738'>境界突破</span>时领悟获得" | AF58: wenzi_img_51
A59: 2020 | B59: 天地倾覆 | C59: 造成%d点%s剑法伤害，仅出此招时，增加150%伤害 | D59: 1 | E59: 3000 | F59: 3 | G59: 4 | H59: 2 | I59: 1 | J59: 30 | K59: =IF(H59=H58,K58+1,1) -> 20 | L59: 3|6| | M59: =IF(N59=1,OFFSET(effect!$A$1,MATCH(I59,effect!K:K,0)-1,0),0) -> 15 | N59: 1 | O59: 2 | P59: 57 | Q59: =OFFSET(effect!$A$1,MATCH(B59,effect!B:B,0)-1,0) -> #N/A | S59: 10 | T59: 1 | V59: =W59&$V$1&X59&$V$1&$W$1&$X$1&$V$1&Y59&$V$1&$W$1 -> 302020|10|;400023|1500|; | W59: =300000+A59 -> 302020 | X59: 10 | Y59: 1500 | Z59: 7 | AA59: icon_13 | AB59: ·达到<span color='#ee6738'>金丹期</span>可通过境界突破领悟获得<br/>·通过<span color='#ee6738'>悟道台</span>获取碎片进行领悟获得 | AC59: 帝皇剑法的杀招，源于蜀山剑法，曾经杀穿凡俗武林，立下赫赫威名。 | AD59: 2 | AE59: <span color='#ee6738'>境界突破</span>时领悟获得" | AF59: wenzi_img_52
A60: =H60*1000+F60*100+K60 -> 2401 | B60: 潜龙吟 | C60: 造成%d点%s剑法伤害，上一招为剑法时，造成伤害增加50%真实伤害 | D60: 1 | E60: =F60*1000 -> 4000 | F60: 4 | G60: 2 | H60: 2 | I60: 1 | J60: 30 | K60: =IF(F60=F59,K59+1,1) -> 1 | L60: 4|3| | M60: =IF(N60=1,OFFSET(effect!$A$1,MATCH(I60,effect!K:K,0)-1,0),0) -> 15 | N60: 1 | O60: 2 | P60: =Q60 -> #N/A | Q60: =OFFSET(effect!$A$1,MATCH(B60,effect!B:B,0)-1,0) -> #N/A | S60: 10 | T60: 1 | V60: =W60&$V$1&X60&$V$1&$W$1&$X$1&$V$1&Y60&$V$1&$W$1 -> 302401|10|;400023|750|; | W60: =300000+A60 -> 302401 | X60: 10 | Y60: 750 | Z60: 11 | AB60: ·达到<span color='#ee6738'>筑基期</span>可通过境界突破领悟获得<br/>·通过<span color='#ee6738'>悟道台</span>获取碎片进行领悟获得 | AC60: 金鳞岂是池中物，一遇风云便化龙。 | AD60: 2 | AE60: <span color='#ee6738'>境界突破</span>时领悟获得" | AF60: wenzi_img_55
A61: =H61*1000+F61*100+K61 -> 2402 | B61: 合纵连横 | C61: 造成%d点%s剑法伤害，上一招为剑法时，增加80%伤害 | D61: 1 | E61: =F61*1000 -> 4000 | F61: 4 | G61: 2 | H61: 2 | I61: 1 | J61: 30 | K61: =IF(F61=F60,K60+1,1) -> 2 | L61: 2|5| | M61: =IF(N61=1,OFFSET(effect!$A$1,MATCH(I61,effect!K:K,0)-1,0),0) -> 15 | N61: 1 | O61: 2 | P61: =Q61 -> 45 | Q61: =OFFSET(effect!$A$1,MATCH(B61,effect!B:B,0)-1,0) -> 45 | S61: 10 | T61: 1 | V61: =W61&$V$1&X61&$V$1&$W$1&$X$1&$V$1&Y61&$V$1&$W$1 -> 302402|10|;400023|750|; | W61: =300000+A61 -> 302402 | X61: 10 | Y61: 750 | Z61: 7 | AB61: ·达到<span color='#ee6738'>筑基期</span>可通过境界突破领悟获得<br/>·通过<span color='#ee6738'>悟道台</span>获取碎片进行领悟获得 | AC61: 合纵连横剑招，剑意暗藏帝王之术的政治智慧，非凡夫俗子所能掌握。 | AD61: 2 | AE61: <span color='#ee6738'>境界突破</span>时领悟获得" | AF61: wenzi_img_56
A62: =H62*1000+F62*100+K62 -> 2403 | B62: 封灵剑 | C62: 造成%d点%s剑法伤害，上一招为剑法时，使敌人下一回合费用-1 | D62: 1 | E62: =F62*1000 -> 4000 | F62: 4 | G62: 2 | H62: 2 | I62: 3 | J62: 30 | K62: =IF(F62=F61,K61+1,1) -> 3 | V62: =W62&$V$1&X62&$V$1&$W$1&$X$1&$V$1&Y62&$V$1&$W$1 -> 302403|10|;400023|750|; | W62: =300000+A62 -> 302403 | X62: 10 | Y62: 750
A63: =H63*1000+F63*100+K63 -> 2404 | B63: 剑光分化 | C63: 造成%d点%s剑法伤害,上一招为剑法时，造成2~3次伤害 | D63: 1 | E63: =F63*1000 -> 4000 | F63: 4 | G63: 3 | H63: 2 | I63: 1 | J63: 30 | K63: =IF(F63=F62,K62+1,1) -> 4 | L63: 4|3| | M63: =effect!A28 -> 24 | N63: 1 | O63: 2 | P63: =Q63 -> 25 | Q63: =OFFSET(effect!$A$1,MATCH(B63,effect!B:B,0)-1,0) -> 25 | S63: 10 | T63: 1 | V63: =W63&$V$1&X63&$V$1&$W$1&$X$1&$V$1&Y63&$V$1&$W$1 -> 302404|10|;400023|1000|; | W63: =300000+A63 -> 302404 | X63: 10 | Y63: 1000 | Z63: 32 | AB63: ·达到<span color='#ee6738'>筑基期</span>可通过境界突破领悟获得<br/>·通过<span color='#ee6738'>悟道台</span>获取碎片进行领悟获得 | AC63: 分光离合剑法的基础法门，据说蜀山的某位长老可以一气化作十三剑，威势惊人。 | AD63: 2 | AE63: <span color='#ee6738'>境界突破</span>时领悟获得" | AF63: wenzi_img_53
A64: =H64*1000+F64*100+K64 -> 2405 | B64: 幻剑决 | C64: 造成%d点%s剑法伤害,从牌库中抽2张剑法并且打出 | D64: 1 | E64: =F64*1000 -> 4000 | F64: 4 | G64: 4 | H64: 2 | I64: 1 | J64: 30 | K64: =IF(F64=F63,K63+1,1) -> 5 | L64: 3|6| | M64: =IF(N64=1,OFFSET(effect!$A$1,MATCH(I64,effect!K:K,0)-1,0),0) -> 15 | N64: 1 | O64: 2 | P64: 13 | Q64: =OFFSET(effect!$A$1,MATCH(B64,effect!B:B,0)-1,0) -> #N/A | S64: 10 | T64: 1 | V64: =W64&$V$1&X64&$V$1&$W$1&$X$1&$V$1&Y64&$V$1&$W$1 -> 302405|10|;400023|1500|; | W64: =300000+A64 -> 302405 | X64: 10 | Y64: 1500 | Z64: 30 | AB64: ·达到<span color='#ee6738'>筑基期</span>可通过境界突破领悟获得<br/>·通过<span color='#ee6738'>悟道台</span>获取碎片进行领悟获得 | AC64: 剑法中不可或缺的法术，可以激发更多的剑招击杀敌人。 | AD64: 2 | AE64: <span color='#ee6738'>境界突破</span>时领悟获得" | AF64: wenzi_img_54
A65: 2025 | B65: 万剑归一 | C65: 造成%d点%s剑法伤害，本回合每出一张剑法牌，伤害增加35% | D65: 0 | E65: =F65*1000 -> 5000 | F65: 5 | G65: 2 | H65: 2 | I65: 1 | J65: 30 | K65: =IF(H65=H61,K61+1,1) -> 3 | L65: 2|5| | M65: =IF(N65=1,OFFSET(effect!$A$1,MATCH(I65,effect!K:K,0)-1,0),0) -> 15 | N65: 1 | O65: 2 | P65: 13 | Q65: =OFFSET(effect!$A$1,MATCH(B65,effect!B:B,0)-1,0) -> #N/A | S65: 10 | T65: 1 | V65: =W65&$V$1&X65&$V$1&$W$1&$X$1&$V$1&Y65&$V$1&$W$1 -> 302025|10|;400023|750|; | W65: =300000+A65 -> 302025 | X65: 10 | Y65: 750 | Z65: 7 | AB65: ·达到<span color='#ee6738'>筑基期</span>可通过境界突破领悟获得<br/>·通过<span color='#ee6738'>悟道台</span>获取碎片进行领悟获得 | AC65: 蜀山剑法的奥义之一，收敛万招剑法的煞气，汇聚成一道贯穿天地的剑光。 | AD65: 2 | AE65: <span color='#ee6738'>境界突破</span>时领悟获得" | AF65: wenzi_img_57
A66: 2026 | B66: 人剑合一 | C66: 造成%d点%s剑法伤害，上一招为剑法时，增加100%伤害 | D66: 0 | E66: =F66*1000 -> 5000 | F66: 5 | G66: 3 | H66: 2 | I66: 1 | J66: 30 | K66: =IF(H66=H65,K65+1,1) -> 4 | L66: 3|6| | M66: =IF(N66=1,OFFSET(effect!$A$1,MATCH(I66,effect!K:K,0)-1,0),0) -> 15 | N66: 1 | O66: 2 | P66: 13 | Q66: =OFFSET(effect!$A$1,MATCH(B66,effect!B:B,0)-1,0) -> #N/A | S66: 10 | T66: 1 | V66: =W66&$V$1&X66&$V$1&$W$1&$X$1&$V$1&Y66&$V$1&$W$1 -> 302026|10|;400023|1000|; | W66: =300000+A66 -> 302026 | X66: 10 | Y66: 1000 | Z66: 7 | AB66: ·达到<span color='#ee6738'>筑基期</span>可通过境界突破领悟获得<br/>·通过<span color='#ee6738'>悟道台</span>获取碎片进行领悟获得 | AC66: 一代蜀山剑神所创，曾经凭此一剑绝境翻盘，最终力挽狂澜，拯救整个修仙界。 | AD66: 2 | AE66: <span color='#ee6738'>境界突破</span>时领悟获得" | AF66: wenzi_img_58
A67: 2027 | B67: 青莲剑歌 | C67: 造成%d点%s剑法伤害,上一招为剑法时，造成3~5次伤害 | D67: 0 | E67: =F67*1000 -> 6000 | F67: 6 | G67: 2 | H67: 2 | I67: 1 | J67: 30 | K67: =IF(H67=H66,K66+1,1) -> 5 | L67: 3|6| | N67: 1 | O67: 2 | P67: =Q67 -> 30 | Q67: =OFFSET(effect!$A$1,MATCH(B67,effect!B:B,0)-1,0) -> 30 | S67: 10 | T67: 1 | V67: =W67&$V$1&X67&$V$1&$W$1&$X$1&$V$1&Y67&$V$1&$W$1 -> 302027|10|;400023|750|; | W67: =300000+A67 -> 302027 | X67: 10 | Y67: 750 | Z67: 7 | AB67: ·达到<span color='#ee6738'>筑基期</span>可通过境界突破领悟获得<br/>·通过<span color='#ee6738'>悟道台</span>获取碎片进行领悟获得 | AC67: 李太白的成名剑法，有朵朵青莲绽放于剑招之中，美如画，杀伤力强。 | AD67: 2 | AE67: <span color='#ee6738'>境界突破</span>时领悟获得" | AF67: wenzi_img_59
A68: 2028 | B68: 万剑诀 | C68: 造成%d点%s剑法伤害,从牌库中抽3张剑法并且打出 | D68: 0 | E68: 6000 | F68: 6 | G68: 4 | H68: 2 | I68: 1 | J68: 30 | K68: =IF(H68=H67,K67+1,1) -> 6 | L68: 4|3| | M68: =IF(N68=1,OFFSET(effect!$A$1,MATCH(I68,effect!K:K,0)-1,0),0) -> 15 | N68: 1 | O68: 2 | P68: 13 | Q68: =OFFSET(effect!$A$1,MATCH(B68,effect!B:B,0)-1,0) -> #N/A | S68: 10 | T68: 1 | V68: =W68&$V$1&X68&$V$1&$W$1&$X$1&$V$1&Y68&$V$1&$W$1 -> 302028|10|;400023|1500|; | W68: =300000+A68 -> 302028 | X68: 10 | Y68: 1500 | Z68: 7 | AB68: ·达到<span color='#ee6738'>筑基期</span>可通过境界突破领悟获得<br/>·通过<span color='#ee6738'>悟道台</span>获取碎片进行领悟获得 | AC68: 名为万剑诀，实为三剑诀，倘若剑法绝，三剑亦能绝。 | AD68: 2 | AE68: <span color='#ee6738'>境界突破</span>时领悟获得" | AF68: wenzi_img_60
A69: 2029 | B69: 剑神真体 | C69: 每回合多抽1张剑法牌，持续3回合 | D69: 0 | E69: 6000 | F69: 6 | G69: 3 | H69: 2 | I69: 1 | J69: 30 | K69: =IF(H69=H68,K68+1,1) -> 7 | L69: 3|6| | M69: =IF(N69=1,OFFSET(effect!$A$1,MATCH(I69,effect!K:K,0)-1,0),0) -> 0 | N69: 0 | O69: 2 | P69: 13 | Q69: =OFFSET(effect!$A$1,MATCH(B69,effect!B:B,0)-1,0) -> #N/A | S69: 10 | T69: 1 | V69: =W69&$V$1&X69&$V$1&$W$1&$X$1&$V$1&Y69&$V$1&$W$1 -> 302029|10|;400023|1000|; | W69: =300000+A69 -> 302029 | X69: 10 | Y69: 1000 | Z69: 7 | AB69: ·达到<span color='#ee6738'>筑基期</span>可通过境界突破领悟获得<br/>·通过<span color='#ee6738'>悟道台</span>获取碎片进行领悟获得 | AC69: 一代蜀山剑神所创，剑仙有好几个，剑神只有他一人而已。 | AD69: 2 | AE69: <span color='#ee6738'>境界突破</span>时领悟获得" | AF69: wenzi_img_61
A70: 2030 | B70: 天剑 | C70: 造成%d点%s剑法伤害,从牌库中抽5张剑法并且打出 | D70: 0 | E70: 6000 | F70: 6 | G70: 4 | H70: 2 | I70: 1 | J70: 30 | K70: =IF(H70=H69,K69+1,1) -> 8 | L70: 2|5| | M70: 51 | N70: 1 | O70: 2 | P70: =Q70 -> #N/A | Q70: =OFFSET(effect!$A$1,MATCH(B70,effect!B:B,0)-1,0) -> #N/A | S70: 10 | T70: 1 | V70: =W70&$V$1&X70&$V$1&$W$1&$X$1&$V$1&Y70&$V$1&$W$1 -> 302030|10|;400023|1500|; | W70: =300000+A70 -> 302030 | X70: 10 | Y70: 1500 | Z70: 9 | AB70: ·达到<span color='#ee6738'>元婴期</span>可通过境界突破领悟获得<br/>·通过<span color='#ee6738'>悟道台</span>获取碎片进行领悟获得 | AC70: 一代蜀山剑神大限将至时领悟的招式，随后便闭眼风逝。最终由他的弟子推演完善而成。 | AD70: 2 | AE70: <span color='#ee6738'>境界突破</span>时领悟获得" | AF70: wenzi_img_62
A71: 3001 | B71: 裂空弹 | C71: 造成%d点%s法术伤害 | D71: 1 | E71: 1000 | F71: 1 | G71: 1 | H71: 3 | I71: 3 | J71: 30 | K71: =IF(H71=H70,K70+1,1) -> 1 | L71: 3|6| | M71: =P71+1 -> 102 | N71: 1 | O71: 2 | P71: =Q71 -> 101 | Q71: =OFFSET(effect!$A$1,MATCH(B71,effect!B:B,0)-1,0) -> 101 | S71: 10 | T71: 1 | U71: 1 | V71: =W71&$V$1&X71&$V$1&$W$1&$X$1&$V$1&Y71&$V$1&$W$1 -> 303001|10|;400023|500|; | W71: =300000+A71 -> 303001 | X71: 10 | Y71: 500 | Z71: 20 | AA71: icon_172 | AB71: ·达到<span color='#ee6738'>锻体期</span>可通流派选择获得<br/>·通过<span color='#ee6738'>悟道台</span>获取碎片进行领悟获得 | AC71: 传闻有一痴情男子在莲花宗外苦苦纠缠十年，最终等到了女神的一发裂空弹，彻底死了心。 | AD71: 2 | AE71: <span color='#ee6738'>境界突破</span>时领悟获得" | AF71: wenzi_img_63
A72: 3002 | B72: 飞沙走石 | C72: 造成%d点%s法术伤害 | D72: 1 | E72: 1000 | F72: 1 | G72: 1 | H72: 3 | I72: 5 | J72: 30 | K72: =IF(H72=H71,K71+1,1) -> 2 | L72: 3|6| | N72: 1 | O72: 2 | P72: =Q72 -> 103 | Q72: =OFFSET(effect!$A$1,MATCH(B72,effect!B:B,0)-1,0) -> 103 | S72: 10 | T72: 1 | U72: 1 | V72: =W72&$V$1&X72&$V$1&$W$1&$X$1&$V$1&Y72&$V$1&$W$1 -> 303002|10|;400023|500|; | W72: =300000+A72 -> 303002 | X72: 10 | Y72: 500 | Z72: 20 | AA72: icon_173 | AB72: ·达到<span color='#ee6738'>锻体期</span>可通流派选择获得<br/>·通过<span color='#ee6738'>悟道台</span>获取碎片进行领悟获得 | AC72: 修仙者常见的法术之一，灵气引发飞沙走石，威力不大，但可以迷惑敌人视线。 | AD72: 2 | AE72: <span color='#ee6738'>境界突破</span>时领悟获得" | AF72: wenzi_img_64
A73: 3003 | B73: 瞬云爆 | C73: 造成%d点%s剑法伤害，本回合每出一张法术牌，伤害增加25% | D73: 1 | E73: 1000 | F73: 1 | G73: 2 | H73: 3 | I73: 6 | J73: 30 | K73: =IF(H73=H72,K72+1,1) -> 3 | L73: 3|6| | M73: =IF(N73=1,OFFSET(effect!$A$1,MATCH(I73,effect!K:K,0)-1,0),0) -> 13 | N73: 1 | O73: 2 | P73: =Q73 -> 118 | Q73: =OFFSET(effect!$A$1,MATCH(B73,effect!B:B,0)-1,0) -> 118 | S73: 10 | T73: 1 | U73: 1 | V73: =W73&$V$1&X73&$V$1&$W$1&$X$1&$V$1&Y73&$V$1&$W$1 -> 303003|10|;400023|750|; | W73: =300000+A73 -> 303003 | X73: 10 | Y73: 750 | Z73: 20 | AA73: icon_174 | AB73: ·达到<span color='#ee6738'>锻体期</span>可通流派选择获得<br/>·通过<span color='#ee6738'>悟道台</span>获取碎片进行领悟获得 | AC73: 散修能使用的威力较大的法术，常常用在生死之战中。 | AD73: 2 | AE73: <span color='#ee6738'>境界突破</span>时领悟获得" | AF73: wenzi_img_65
A74: 3004 | B74: 燃火术 | C74: 造成%d点%s法术伤害，叠加1层炎息 | D74: 1 | E74: 1000 | F74: 1 | G74: 1 | H74: 3 | I74: 4 | J74: 30 | K74: =IF(H74=H73,K73+1,1) -> 4 | L74: 3|6| | M74: =IF(N74=1,OFFSET(effect!$A$1,MATCH(I74,effect!K:K,0)-1,0),0) -> 14 | N74: 1 | O74: 2 | P74: =effect!A52 -> 48 | Q74: =OFFSET(effect!$A$1,MATCH(B74,effect!B:B,0)-1,0) -> #N/A | S74: 10 | T74: 1 | U74: 1 | V74: =W74&$V$1&X74&$V$1&$W$1&$X$1&$V$1&Y74&$V$1&$W$1 -> 303004|10|;400023|500|; | W74: =300000+A74 -> 303004 | X74: 10 | Y74: 500 | Z74: 10 | AA74: icon_158 | AB74: ·达到<span color='#ee6738'>锻体期</span>可通流派选择获得<br/>·通过<span color='#ee6738'>悟道台</span>获取碎片进行领悟获得 | AC74: 散修的法术之一，有时候也可以用来生火和表演。 | AD74: 2 | AE74: <span color='#ee6738'>境界突破</span>时领悟获得" | AF74: wenzi_img_66
A75: 3005 | B75: 炎爆术 | C75: 造成%d点%s法术伤害，叠加2层炎息 | D75: 1 | E75: 2000 | F75: 2 | G75: 2 | H75: 3 | I75: 4 | J75: 30 | K75: =IF(H75=H74,K74+1,1) -> 5 | L75: 2|5| | M75: =IF(N75=1,OFFSET(effect!$A$1,MATCH(I75,effect!K:K,0)-1,0),0) -> 14 | N75: 1 | O75: 2 | P75: =Q75 -> 63 | Q75: =OFFSET(effect!$A$1,MATCH(B75,effect!B:B,0)-1,0) -> 63 | S75: 10 | T75: 1 | U75: 1 | V75: =W75&$V$1&X75&$V$1&$W$1&$X$1&$V$1&Y75&$V$1&$W$1 -> 303005|10|;400023|750|; | W75: =300000+A75 -> 303005 | X75: 10 | Y75: 750 | Z75: 10 | AA75: icon_60 | AB75: ·达到<span color='#ee6738'>筑基期</span>可通过境界突破领悟获得<br/>·通过<span color='#ee6738'>悟道台</span>获取碎片进行领悟获得 | AC75: 散修罕见的法术，对灵气燃烧化为火焰有较高的要求。 | AD75: 2 | AE75: <span color='#ee6738'>境界突破</span>时领悟获得" | AF75: wenzi_img_67
A76: 3006 | B76: 焚天术 | C76: 造成%d点%s法术伤害，叠加3层炎息 | D76: 0 | E76: 6000 | F76: 6 | G76: 3 | H76: 3 | I76: 4 | J76: 30 | K76: =IF(H76=H75,K75+1,1) -> 6 | L76: 2|5| | M76: =IF(N76=1,OFFSET(effect!$A$1,MATCH(I76,effect!K:K,0)-1,0),0) -> 14 | N76: 1 | O76: 2 | P76: =effect!A8 -> 3 | Q76: =OFFSET(effect!$A$1,MATCH(B76,effect!B:B,0)-1,0) -> #N/A | S76: 10 | T76: 1 | V76: =W76&$V$1&X76&$V$1&$W$1&$X$1&$V$1&Y76&$V$1&$W$1 -> 303006|10|;400023|1000|; | W76: =300000+A76 -> 303006 | X76: 10 | Y76: 1000 | Z76: 21 | AB76: ·达到<span color='#ee6738'>筑基期</span>可通过境界突破领悟获得<br/>·通过<span color='#ee6738'>悟道台</span>获取碎片进行领悟获得 | AC76: 金刚宗的招牌法术，明王怒火，可焚世间诛邪。 | AD76: 2 | AE76: <span color='#ee6738'>境界突破</span>时领悟获得" | AF76: wenzi_img_68
A77: 3007 | B77: 苍炎术 | C77: 使当前炎息层数*2 | D77: 1 | E77: 2000 | F77: 3 | G77: 1 | H77: 3 | I77: 4 | J77: 30 | K77: =IF(H77=H76,K76+1,1) -> 7 | L77: 3|6| | M77: =IF(N77=1,OFFSET(effect!$A$1,MATCH(I77,effect!K:K,0)-1,0),0) -> 0 | N77: 0 | O77: 1 | P77: =Q77 -> 100 | Q77: =OFFSET(effect!$A$1,MATCH(B77,effect!B:B,0)-1,0) -> 100 | S77: 10 | T77: 1 | U77: 1 | V77: =W77&$V$1&X77&$V$1&$W$1&$X$1&$V$1&Y77&$V$1&$W$1 -> 303007|10|;400023|500|; | W77: =300000+A77 -> 303007 | X77: 10 | Y77: 500 | Z77: 10 | AA77: icon_175 | AB77: ·达到<span color='#ee6738'>金丹期</span>可通过境界突破领悟获得<br/>·通过<span color='#ee6738'>悟道台</span>获取碎片进行领悟获得 | AC77: 金刚宗的秘法术，引动炎息，焚烧所有的敌人。 | AD77: 2 | AE77: <span color='#ee6738'>境界突破</span>时领悟获得" | AF77: wenzi_img_69
A78: 3008 | B78: 火蛇术 | C78: 造成%d点%s法术伤害，每有1层炎息，真气消耗-1 | D78: 1 | E78: 1000 | F78: 1 | G78: 2 | H78: 3 | I78: 4 | J78: 30 | K78: =IF(H78=H77,K77+1,1) -> 8 | L78: 3|6| | N78: 1 | O78: 2 | P78: 3 | Q78: =OFFSET(effect!$A$1,MATCH(B78,effect!B:B,0)-1,0) -> 3 | S78: 10 | T78: 1 | U78: 1 | V78: =W78&$V$1&X78&$V$1&$W$1&$X$1&$V$1&Y78&$V$1&$W$1 -> 303008|10|;400023|750|; | W78: =300000+A78 -> 303008 | X78: 10 | Y78: 750 | Z78: 10 | AA78: icon_176 | AB78: ·达到<span color='#ee6738'>锻体期</span>可通境界突破领悟获得<br/>·通过<span color='#ee6738'>悟道台</span>获取碎片进行领悟获得 | AC78: 神符宗的绝技法术，化灵为火，焚烧四野。 | AD78: 2 | AE78: <span color='#ee6738'>境界突破</span>时领悟获得" | AF78: wenzi_img_70
A79: 3009 | B79: 赤凤神照 | C79: 造成%d点%s法术伤害，若自身处在炎息中，伤害增加炎息层数*30% | D79: 1 | E79: 1003 | F79: 1 | G79: 3 | H79: 3 | I79: 4 | J79: 30 | K79: =IF(H79=H78,K78+1,1) -> 9 | L79: 3|6| | M79: =P79+1 -> 108 | N79: 1 | O79: 2 | P79: =Q79 -> 107 | Q79: =OFFSET(effect!$A$1,MATCH(B79,effect!B:B,0)-1,0) -> 107 | S79: 10 | T79: 1 | U79: 1 | V79: =W79&$V$1&X79&$V$1&$W$1&$X$1&$V$1&Y79&$V$1&$W$1 -> 303009|10|;400023|1000|; | W79: =300000+A79 -> 303009 | X79: 10 | Y79: 1000 | Z79: 10 | AA79: icon_177 | AB79: ·达到<span color='#ee6738'>炼气期</span>可通过境界突破领悟获得<br/>·通过<span color='#ee6738'>悟道台</span>获取碎片进行领悟获得 | AC79: 神符宗的秘传法术，高阶修仙者才能召出赤火神凤，所经之地，皆为灰烬。 | AD79: 2 | AE79: <span color='#ee6738'>境界突破</span>时领悟获得" | AF79: wenzi_img_71
A80: 3010 | B80: 炎息引 | C80: 使打出的法术牌叠炎息+1，持续1回合 | D80: 1 | E80: 1003 | F80: 1 | G80: 2 | H80: 3 | I80: 4 | J80: 30 | K80: =IF(H80=H79,K79+1,1) -> 10 | L80: 2|5| | M80: =IF(N80=1,OFFSET(effect!$A$1,MATCH(I80,effect!K:K,0)-1,0),0) -> 0 | N80: 0 | O80: 1 | P80: =Q80 -> 109 | Q80: =OFFSET(effect!$A$1,MATCH(B80,effect!B:B,0)-1,0) -> 109 | S80: 10 | T80: 1 | U80: 1 | V80: =W80&$V$1&X80&$V$1&$W$1&$X$1&$V$1&Y80&$V$1&$W$1 -> 303010|10|;400023|750|; | W80: =300000+A80 -> 303010 | X80: 10 | Y80: 750 | Z80: 10 | AA80: icon_178 | AB80: ·达到<span color='#ee6738'>炼气期</span>可通过境界突破领悟获得<br/>·通过<span color='#ee6738'>悟道台</span>获取碎片进行领悟获得 | AC80: 神符宗的火焰法术之一，可以加强敌人身上的火焰层数。 | AD80: 2 | AE80: <span color='#ee6738'>境界突破</span>时领悟获得" | AF80: wenzi_img_72
A81: 3011 | B81: 聚焰术 | C81: 造成%d点%s法术伤害，每有1层炎息，真气消耗-1 | D81: 1 | E81: 1003 | F81: 1 | G81: 1 | H81: 3 | I81: 4 | J81: 30 | K81: =IF(H81=H80,K80+1,1) -> 11 | L81: 2|5| | N81: 1 | O81: 2 | P81: 12 | Q81: =OFFSET(effect!$A$1,MATCH(B81,effect!B:B,0)-1,0) -> #N/A | S81: 10 | T81: 1 | U81: 1 | V81: =W81&$V$1&X81&$V$1&$W$1&$X$1&$V$1&Y81&$V$1&$W$1 -> 303011|10|;400023|500|; | W81: =300000+A81 -> 303011 | X81: 10 | Y81: 500 | Z81: 10 | AA81: icon_62 | AB81: ·达到<span color='#ee6738'>炼气期</span>可通过境界突破领悟获得<br/>·通过<span color='#ee6738'>悟道台</span>获取碎片进行领悟获得 | AC81: 神符宗的法术，引动敌人身上的炎息，聚成一道五丈高的烈焱焚烧敌人。 | AD81: 2 | AE81: <span color='#ee6738'>境界突破</span>时领悟获得" | AF81: wenzi_img_73
A82: 3012 | B82: 惊龙炎爆 | C82: 造成%d点%s法术伤害，叠加3层炎息，伤害增加炎息层数*0.03% | D82: 0 | E82: 5000 | F82: 5 | G82: 4 | H82: 3 | I82: 4 | J82: 30 | K82: =IF(H82=H81,K81+1,1) -> 12 | L82: 3|6| | M82: =IF(N82=1,OFFSET(effect!$A$1,MATCH(I82,effect!K:K,0)-1,0),0) -> 14 | N82: 1 | O82: 2 | P82: 13 | Q82: =OFFSET(effect!$A$1,MATCH(B82,effect!B:B,0)-1,0) -> #N/A | S82: 10 | T82: 1 | V82: =W82&$V$1&X82&$V$1&$W$1&$X$1&$V$1&Y82&$V$1&$W$1 -> 303012|10|;400023|1500|; | W82: =300000+A82 -> 303012 | X82: 10 | Y82: 1500 | Z82: 21 | AB82: ·达到<span color='#ee6738'>筑基期</span>可通过境界突破领悟获得<br/>·通过<span color='#ee6738'>悟道台</span>获取碎片进行领悟获得 | AC82: 神符宗的奥义法术，传闻为祝融的绝技，一道龙炎舞动于九天之上。 | AD82: 2 | AE82: <span color='#ee6738'>境界突破</span>时领悟获得" | AF82: wenzi_img_74
A83: 3013 | B83: 乱花飞雪 | C83: 造成%d点%s法术伤害，叠加1层冰冻 | D83: 1 | E83: 1003 | F83: 1 | G83: 1 | H83: 3 | I83: 3 | J83: 30 | K83: =IF(H83=H82,K82+1,1) -> 13 | L83: 3|6| | N83: 1 | O83: 2 | P83: =Q83 -> 32 | Q83: =OFFSET(effect!$A$1,MATCH(B83,effect!B:B,0)-1,0) -> 32 | S83: 10 | T83: 1 | U83: 1 | V83: =W83&$V$1&X83&$V$1&$W$1&$X$1&$V$1&Y83&$V$1&$W$1 -> 303013|10|;400023|500|; | W83: =300000+A83 -> 303013 | X83: 10 | Y83: 500 | Z83: 21 | AA83: icon_65 | AB83: ·达到<span color='#ee6738'>炼气期</span>可通过境界突破领悟获得<br/>·通过<span color='#ee6738'>悟道台</span>获取碎片进行领悟获得 | AC83: 传闻有一痴情男子在莲花宗外苦苦纠缠十年，最终等到了女神的一发乱花飞雪，差点成了冰雕。 | AD83: 2 | AE83: <span color='#ee6738'>境界突破</span>时领悟获得" | AF83: wenzi_img_75
A84: 3014 | B84: 寒雨千落 | C84: 造成%d点%s法术伤害，叠加2层冰冻 | D84: 1 | E84: 1003 | F84: 1 | G84: 2 | H84: 3 | I84: 3 | J84: 30 | K84: =IF(H84=H83,K83+1,1) -> 14 | L84: 3|6| | N84: 1 | O84: 2 | P84: =Q84 -> 33 | Q84: =OFFSET(effect!$A$1,MATCH(B84,effect!B:B,0)-1,0) -> 33 | S84: 10 | T84: 1 | U84: 1 | V84: =W84&$V$1&X84&$V$1&$W$1&$X$1&$V$1&Y84&$V$1&$W$1 -> 303014|10|;400023|750|; | W84: =300000+A84 -> 303014 | X84: 10 | Y84: 750 | Z84: 21 | AA84: icon_133 | AB84: ·达到<span color='#ee6738'>炼气期</span>可通过境界突破领悟获得<br/>·通过<span color='#ee6738'>悟道台</span>获取碎片进行领悟获得 | AC84: 寒雨千落汲取水寒之力而成，施展时若天降寒雨，霜冻万物。 | AD84: 2 | AE84: <span color='#ee6738'>境界突破</span>时领悟获得" | AF84: wenzi_img_76
A85: 3015 | B85: 飞雪急骤 | C85: 造成%d点%s法术伤害，敌方每有1层冰冻，真气消耗-1 | D85: 1 | E85: 2000 | F85: 2 | G85: 1 | H85: 3 | I85: 3 | J85: 30 | K85: =IF(H85=H84,K84+1,1) -> 15 | L85: 3|6| | N85: 1 | O85: 2 | P85: =Q85 -> 36 | Q85: =OFFSET(effect!$A$1,MATCH(B85,effect!B:B,0)-1,0) -> 36 | S85: 10 | T85: 1 | U85: 1 | V85: =W85&$V$1&X85&$V$1&$W$1&$X$1&$V$1&Y85&$V$1&$W$1 -> 303015|10|;400023|500|; | W85: =300000+A85 -> 303015 | X85: 10 | Y85: 500 | Z85: 21 | AA85: icon_68 | AB85: ·达到<span color='#ee6738'>筑基期</span>可通过境界突破领悟获得<br/>·通过<span color='#ee6738'>悟道台</span>获取碎片进行领悟获得 | AC85: 飞雪急骤是莲花宗冰冻法术的精髓，当一切进入白色的世界，飞雪便可以轻易伤敌。 | AD85: 2 | AE85: <span color='#ee6738'>境界突破</span>时领悟获得" | AF85: wenzi_img_77
A86: 3016 | B86: 绝对零度 | C86: 造成%d点%s法术伤害，若敌人处在冰冻中，伤害增加冰冻层数*35% | D86: 1 | E86: 3000 | F86: 2 | G86: 4 | H86: 3 | I86: 3 | J86: 30 | K86: =IF(H86=H85,K85+1,1) -> 16 | L86: 3|6| | N86: 1 | O86: 2 | P86: =effect!A41 -> 37 | Q86: =OFFSET(effect!$A$1,MATCH(B86,effect!B:B,0)-1,0) -> 37 | S86: 10 | T86: 1 | V86: =W86&$V$1&X86&$V$1&$W$1&$X$1&$V$1&Y86&$V$1&$W$1 -> 303016|10|;400023|1500|; | W86: =300000+A86 -> 303016 | X86: 10 | Y86: 1500 | Z86: 21 | AA86: icon_70 | AB86: ·达到<span color='#ee6738'>筑基期</span>可通过境界突破领悟获得<br/>·通过<span color='#ee6738'>悟道台</span>获取碎片进行领悟获得 | AC86: 莲花宗开派宗师所创，据说她留下广寒飞天曲心法和一大堆门派规矩后，就飞升而去了。 | AD86: 2 | AE86: <span color='#ee6738'>境界突破</span>时领悟获得" | AF86: wenzi_img_78
A87: 3017 | B87: 极寒风暴 | C87: 造成%d点%s法术伤害，此招式前每使用过1张法术牌，叠加1层冰冻 | D87: 1 | E87: 3000 | F87: 3 | G87: 3 | H87: 3 | I87: 3 | J87: 30 | K87: =IF(H87=H86,K86+1,1) -> 17 | L87: 2|5| | N87: 1 | O87: 2 | P87: 36 | Q87: =OFFSET(effect!$A$1,MATCH(B87,effect!B:B,0)-1,0) -> #N/A | S87: 10 | T87: 1 | U87: 1 | V87: =W87&$V$1&X87&$V$1&$W$1&$X$1&$V$1&Y87&$V$1&$W$1 -> 303017|10|;400023|1000|; | W87: =300000+A87 -> 303017 | X87: 10 | Y87: 1000 | Z87: 21 | AA87: icon_67 | AB87: ·达到<span color='#ee6738'>金丹期</span>可通过境界突破领悟获得<br/>·通过<span color='#ee6738'>悟道台</span>获取碎片进行领悟获得 | AC87: 北冥彻骨诀的奥义法门，让其他门派修仙者闻之僵硬，听之胆寒的法术。 | AD87: 2 | AE87: <span color='#ee6738'>境界突破</span>时领悟获得" | AF87: wenzi_img_79
A88: =H88*1000+F88*100+K88 -> 3401 | B88: 北冥鲸落 | C88: 造成%d点%s法术伤害，敌方每有1层冰冻，真气消耗-1 | D88: 1 | E88: 6000 | F88: 4 | G88: 2 | H88: 3 | I88: 3 | J88: 30 | K88: 1 | L88: 2|5| | N88: 1 | O88: 2 | P88: =Q88 -> #N/A | Q88: =OFFSET(effect!$A$1,MATCH(B88,effect!B:B,0)-1,0) -> #N/A | S88: 10 | T88: 1 | V88: =W88&$V$1&X88&$V$1&$W$1&$X$1&$V$1&Y88&$V$1&$W$1 -> 303401|10|;400023|750|; | W88: =300000+A88 -> 303401 | X88: 10 | Y88: 750 | Z88: 32 | AB88: ·达到<span color='#ee6738'>元婴期</span>可通过境界突破领悟获得<br/>·通过<span color='#ee6738'>悟道台</span>获取碎片进行领悟获得 | AC88: 鲸落，万物生灭。而北冥的鲸，是否就是鲲呢？ | AD88: 2 | AE88: <span color='#ee6738'>境界突破</span>时领悟获得" | AF88: wenzi_img_80
A89: =H89*1000+F89*100+K89 -> 3402 | B89: 冰龙弹 | C89: 造成%d点%s法术伤害,若敌人处在冰冻中，伤害增加35% | D89: 1 | F89: 4 | G89: 2 | H89: 3 | I89: 3 | J89: 30 | K89: 2 | V89: =W89&$V$1&X89&$V$1&$W$1&$X$1&$V$1&Y89&$V$1&$W$1 -> 303402|10|;400023|750|; | W89: =300000+A89 -> 303402 | X89: 10 | Y89: 750
A90: =H90*1000+F90*100+K90 -> 3403 | B90: 火龙弹 | C90: 造成%d点%s法术伤害,自身存在炎息，伤害增加35% | D90: 1 | F90: 4 | G90: 2 | H90: 3 | I90: 4 | J90: 30 | K90: 3 | V90: =W90&$V$1&X90&$V$1&$W$1&$X$1&$V$1&Y90&$V$1&$W$1 -> 303403|10|;400023|750|; | W90: =300000+A90 -> 303403 | X90: 10 | Y90: 750
A91: 3019 | B91: 冰封千里 | C91: 造成%d点%s法术伤害，叠加3层冰冻 | D91: 0 | E91: 6000 | F91: 5 | G91: 3 | H91: 3 | I91: 3 | J91: 30 | K91: =IF(H91=H88,K88+1,1) -> 2 | L91: 2|5| | N91: 1 | O91: 2 | P91: =Q91 -> 55 | Q91: =OFFSET(effect!$A$1,MATCH(B91,effect!B:B,0)-1,0) -> 55 | S91: 10 | T91: 1 | V91: =W91&$V$1&X91&$V$1&$W$1&$X$1&$V$1&Y91&$V$1&$W$1 -> 303019|10|;400023|1000|; | W91: =300000+A91 -> 303019 | X91: 10 | Y91: 1000 | Z91: 32 | AB91: ·达到<span color='#ee6738'>炼气期</span>可通过境界突破领悟获得<br/>·通过<span color='#ee6738'>悟道台</span>获取碎片进行领悟获得 | AC91: 冰封千里这一法术刚推演出来时，几乎凭一己之力让水系法术一跃成为五行法术之王。 | AD91: 2 | AE91: <span color='#ee6738'>境界突破</span>时领悟获得" | AF91: wenzi_img_81
A92: 3020 | B92: 玄冥真气 | C92: 使打出的法术牌叠冰冻+1，持续2回合 | D92: 0 | E92: 6000 | F92: 5 | G92: 2 | H92: 3 | I92: 3 | J92: 30 | K92: =IF(H92=H91,K91+1,1) -> 3 | L92: 2|5| | N92: 0 | O92: 1 | P92: =Q92 -> #N/A | Q92: =OFFSET(effect!$A$1,MATCH(B92,effect!B:B,0)-1,0) -> #N/A | S92: 10 | T92: 1 | V92: =W92&$V$1&X92&$V$1&$W$1&$X$1&$V$1&Y92&$V$1&$W$1 -> 303020|10|;400023|750|; | W92: =300000+A92 -> 303020 | X92: 10 | Y92: 750 | Z92: 18 | AB92: ·达到<span color='#ee6738'>炼气期</span>可通过境界突破领悟获得<br/>·通过<span color='#ee6738'>悟道台</span>获取碎片进行领悟获得 | AC92: 玄冥真气是莲花宗在修仙界成名之术，敌人一旦成为冰雕，那从头到尾只能挨打了。 | AD92: 2 | AE92: <span color='#ee6738'>境界突破</span>时领悟获得" | AF92: wenzi_img_82
A93: 3021 | B93: 天地一白 | C93: 使中敌人冰冻层数*2 | D93: 0 | E93: 6000 | F93: 6 | G93: 2 | H93: 3 | I93: 3 | J93: 30 | K93: =IF(H93=H92,K92+1,1) -> 4 | L93: 2|5| | M93: =IF(N93=1,OFFSET(effect!$A$1,MATCH(I93,effect!K:K,0)-1,0),0) -> 0 | N93: 0 | O93: 2 | P93: 13 | Q93: =OFFSET(effect!$A$1,MATCH(B93,effect!B:B,0)-1,0) -> #N/A | S93: 10 | T93: 1 | V93: =W93&$V$1&X93&$V$1&$W$1&$X$1&$V$1&Y93&$V$1&$W$1 -> 303021|10|;400023|750|; | W93: =300000+A93 -> 303021 | X93: 10 | Y93: 750 | Z93: 18 | AB93: ·达到<span color='#ee6738'>炼气期</span>可通过境界突破领悟获得<br/>·通过<span color='#ee6738'>悟道台</span>获取碎片进行领悟获得 | AC93: 故人飞天去，寒宫冷彻骨。无人知仙意，天地唯一白。 | AD93: 2 | AE93: <span color='#ee6738'>境界突破</span>时领悟获得" | AF93: wenzi_img_83
A94: 3022 | B94: 牵魂术 | C94: 造成%d点%s法术伤害，产生1个魂 | D94: 1 | E94: 1003 | F94: 2 | G94: 1 | H94: 3 | I94: 2 | J94: 30 | K94: =IF(H94=H93,K93+1,1) -> 5 | L94: 2|5| | N94: 1 | O94: 2 | P94: =Q94 -> 94 | Q94: =OFFSET(effect!$A$1,MATCH(B94,effect!B:B,0)-1,0) -> 94 | S94: 10 | T94: 1 | U94: 1 | V94: =W94&$V$1&X94&$V$1&$W$1&$X$1&$V$1&Y94&$V$1&$W$1 -> 303022|10|;400023|500|; | W94: =300000+A94 -> 303022 | X94: 10 | Y94: 500 | Z94: 17 | AA94: icon_117 | AB94: ·达到<span color='#ee6738'>筑基期</span>可通过境界突破领悟获得<br/>·通过<span color='#ee6738'>悟道台</span>获取碎片进行领悟获得 | AC94: 人死后什么都不剩？不，你还有灵魂可以被我奴役。 | AD94: 2 | AE94: <span color='#ee6738'>境界突破</span>时领悟获得" | AF94: wenzi_img_84
A95: 3023 | B95: 引魂术 | C95: 造成%d点%s法术伤害，产生2个魂 | D95: 1 | E95: 1003 | F95: 3 | G95: 2 | H95: 3 | I95: 2 | J95: 30 | K95: =IF(H95=H94,K94+1,1) -> 6 | L95: 2|5| | N95: 1 | O95: 2 | P95: =Q95 -> 81 | Q95: =OFFSET(effect!$A$1,MATCH(B95,effect!B:B,0)-1,0) -> 81 | S95: 10 | T95: 1 | U95: 1 | V95: =W95&$V$1&X95&$V$1&$W$1&$X$1&$V$1&Y95&$V$1&$W$1 -> 303023|10|;400023|750|; | W95: =300000+A95 -> 303023 | X95: 10 | Y95: 750 | Z95: 17 | AA95: icon_118 | AB95: ·达到<span color='#ee6738'>金丹期</span>可通过境界突破领悟获得<br/>·通过<span color='#ee6738'>悟道台</span>获取碎片进行领悟获得 | AC95: 引魂术是第一个魂系法术，整个噬魂宗都由此开始。 | AD95: 2 | AE95: <span color='#ee6738'>境界突破</span>时领悟获得" | AF95: wenzi_img_85
A96: 3024 | B96: 九魄术 | C96: 造成%d点%s法术伤害，产生2个魂，每有1个魂，真气消耗-1 | D96: 1 | E96: 2000 | F96: 2 | G96: 3 | H96: 3 | I96: 2 | J96: 30 | K96: =IF(H96=H95,K95+1,1) -> 7 | L96: 2|5| | M96: =IF(N96=1,OFFSET(effect!$A$1,MATCH(I96,effect!K:K,0)-1,0),0) -> 16 | N96: 1 | O96: 2 | P96: =Q96 -> 82 | Q96: =OFFSET(effect!$A$1,MATCH(B96,effect!B:B,0)-1,0) -> 82 | S96: 10 | T96: 1 | U96: 1 | V96: =W96&$V$1&X96&$V$1&$W$1&$X$1&$V$1&Y96&$V$1&$W$1 -> 303024|10|;400023|1000|; | W96: =300000+A96 -> 303024 | X96: 10 | Y96: 1000 | Z96: 17 | AA96: icon_119 | AB96: ·达到<span color='#ee6738'>筑基期</span>可通过境界突破领悟获得<br/>·通过<span color='#ee6738'>悟道台</span>获取碎片进行领悟获得 | AC96: 让敌人痛苦的死去，是噬魂宗怪物们最喜欢干的事。 | AD96: 2 | AE96: <span color='#ee6738'>境界突破</span>时领悟获得" | AF96: wenzi_img_86
A97: 3025 | B97: 汲魂术 | C97: 造成%d点%s法术伤害,存在魂时，获得30%吸血效果 | D97: 1 | E97: 2000 | F97: 3 | G97: 2 | H97: 3 | I97: 2 | J97: 30 | K97: =IF(H97=H96,K96+1,1) -> 8 | L97: 2|5| | M97: =IF(N97=1,OFFSET(effect!$A$1,MATCH(I97,effect!K:K,0)-1,0),0) -> 16 | N97: 1 | O97: 2 | P97: =Q97 -> 73 | Q97: =OFFSET(effect!$A$1,MATCH(B97,effect!B:B,0)-1,0) -> 73 | S97: 10 | T97: 1 | U97: 1 | V97: =W97&$V$1&X97&$V$1&$W$1&$X$1&$V$1&Y97&$V$1&$W$1 -> 303025|10|;400023|750|; | W97: =300000+A97 -> 303025 | X97: 10 | Y97: 750 | Z97: 17 | AA97: icon_142 | AB97: ·达到<span color='#ee6738'>金丹期</span>可通过境界突破领悟获得<br/>·通过<span color='#ee6738'>悟道台</span>获取碎片进行领悟获得 | AC97: 灵魂，我之良方，彼之砒霜。 | AD97: 2 | AE97: <span color='#ee6738'>境界突破</span>时领悟获得" | AF97: wenzi_img_87
A98: 3026 | B98: 魂灭斩 | C98: 造成%d点%s法术伤害,每存在1个魂伤害增加35% | D98: 1 | E98: 3000 | F98: 3 | G98: 4 | H98: 3 | I98: 2 | J98: 30 | K98: =IF(H98=H97,K97+1,1) -> 9 | L98: 2|5| | N98: 1 | O98: 2 | P98: =Q98 -> 95 | Q98: =OFFSET(effect!$A$1,MATCH(B98,effect!B:B,0)-1,0) -> 95 | S98: 10 | T98: 1 | V98: =W98&$V$1&X98&$V$1&$W$1&$X$1&$V$1&Y98&$V$1&$W$1 -> 303026|10|;400023|1500|; | W98: =300000+A98 -> 303026 | X98: 10 | Y98: 1500 | Z98: 17 | AA98: icon_120 | AB98: ·达到<span color='#ee6738'>金丹期</span>可通过境界突破领悟获得<br/>·通过<span color='#ee6738'>悟道台</span>获取碎片进行领悟获得 | AC98: 魂魄去兮不可留，通九幽兮岂可休。 | AD98: 2 | AE98: <span color='#ee6738'>境界突破</span>时领悟获得" | AF98: wenzi_img_88
A99: =H99*1000+F99*100+K99 -> 3404 | B99: 尸鬼封禁 | C99: 消耗1个魂，无效敌人下2招 | D99: 0 | E99: 6000 | F99: 4 | G99: 3 | H99: 3 | I99: 2 | J99: 30 | K99: 4 | L99: 2|5| | M99: =IF(N99=1,OFFSET(effect!$A$1,MATCH(I99,effect!K:K,0)-1,0),0) -> 0 | N99: 0 | O99: 2 | P99: 13 | Q99: =OFFSET(effect!$A$1,MATCH(B99,effect!B:B,0)-1,0) -> #N/A | S99: 10 | T99: 1 | V99: =W99&$V$1&X99&$V$1&$W$1&$X$1&$V$1&Y99&$V$1&$W$1 -> 303404|10|;400023|1000|; | W99: =300000+A99 -> 303404 | X99: 10 | Y99: 1000 | Z99: 7 | AB99: ·达到<span color='#ee6738'>筑基期</span>可通过境界突破领悟获得<br/>·通过<span color='#ee6738'>悟道台</span>获取碎片进行领悟获得 | AC99: 魂兮归来！君无下此幽都些！ | AD99: 2 | AE99: <span color='#ee6738'>境界突破</span>时领悟获得" | AF99: wenzi_img_90
A100: =H100*1000+F100*100+K100 -> 3405 | B100: 罗刹爆 | C100: 消耗x个魂，造成消耗的魂数*%d点%s的真实伤害 | D100: 0 | E100: 6000 | F100: 4 | G100: 4 | H100: 3 | I100: 2 | J100: 30 | K100: 5 | L100: 2|5| | M100: =effect!A98 -> 97 | N100: 1 | O100: 2 | P100: =Q100 -> 98 | Q100: =OFFSET(effect!$A$1,MATCH(B100,effect!B:B,0)-1,0) -> 98 | S100: 10 | T100: 1 | V100: =W100&$V$1&X100&$V$1&$W$1&$X$1&$V$1&Y100&$V$1&$W$1 -> 303405|10|;400023|1500|; | W100: =300000+A100 -> 303405 | X100: 10 | Y100: 1500 | Z100: 18 | AB100: ·达到<span color='#ee6738'>筑基期</span>可通过境界突破领悟获得<br/>·通过<span color='#ee6738'>悟道台</span>获取碎片进行领悟获得 | AC100: 灵魂的攻击，你避无可避！ | AD100: 2 | AE100: <span color='#ee6738'>境界突破</span>时领悟获得" | AF100: wenzi_img_89
...

Sheet card
A1: 卡牌表 | J1: 5 | K1: 4 | L1: 5 | M1: 5 | N1: 10 | S1: 3 | W1: 0.3 | AA1: 6 | AF1: | | AJ1: ; | AM1: 400023
A2: ID | B2: 技能名称 | C2: 武器属性 =1，拳法 =2，剑法 =3，法术 =4，无 | D2: 五行属性 =1，金 =2，木 =3，水 =4，火 =5，土 =6，无属性 | E2: 描述,支持X1|X2|X4|代入到描述中,具索引param | F2: 描述,支持X1|X2|X3|代入到描述中,具索引param | G2: 限制条件增加资质 | H2: 技能效果费用 | I2: 归属 0.主角 1.怪物 | J2: 境界 | K2: 品质 | L2: 消耗费用 | M2: 真实费用 | N2: 当前等级 | O2: 消耗物品 （多个物品用|；分隔） | P2: 对自己造成伤害与招式伤害比例 | Q2: 卡牌类型,索引card_type表 | R2: 伤害类型 | S2: 固定效果值(取整) | T2: 效果关联属性类型 1.根骨 2.悟性 3.魅力 4.神识 5.机缘 | U2: 索引系数编号 | V2: 属性对伤害成长 | W2: 属性对伤害成长（旧） | X2: 固定效果资质 | Y2: 总资质=固定+技能 | Z2: 单位费用资质 | AA2: 解锁卡牌战力 | AB2: 战力索引值（勿删） | AC2: 功能效果触发方式 | AD2: 触发buffid | AE2: 触发条件值 | AF2: 功能效果。索引skillid | AG2: 技能变化 | AH2: 触发技能时的特殊效果 1.真伤 2.吸血 （客户端无效） | AI2: 是否判断减少消耗（客户端无效） | AJ2: 升级所需消耗（物品id） | AK2: 升级物品 | AL2: 数量 | AM2: 功法点 | AN2: 升级至下一级的ID | AO2: 可使用万能碎片id 不填则不可使用 | AP2: 技能生效时候播放特效 | AQ2: 对应buff_id （%f代字符所对应的数值取buff id计算的数值）
A3: INT | B3: STRING | C3: INT | D3: INT | E3: STRING | F3: STRING | L3: INT | N3: INT | O3: STRING | P3: INT | Q3: INT | R3: INT | S3: INT | T3: INT | V3: FLOAT | AA3: INT | AC3: INT | AD3: INT | AE3: INT | AF3: STRING | AH3: INT | AI3: INT | AJ3: STRING | AN3: INT | AO3: INT | AP3: STRING | AQ3: INT
A4: ID | B4: name | C4: weapon | D4: element | E4: describe | F4: describe2 | L4: cost | N4: lev | O4: cost_item | P4: hurt_self | Q4: card_type | R4: type | S4: fixed_value | T4: attribute | V4: attribute_coefficient | AA4: card_combat | AC4: trigger | AD4: trigger_buff | AE4: trigger_value | AF4: skill_id | AH4: if_ture_effect | AI4: if_reduce_energy | AJ4: uplev_cost | AN4: uplev_next_id | AO4: substitute_id | AP4: skill_effect | AQ4: buff_id
A5: ID | C5: weapon | D5: element | L5: cost | N5: lev | O5: cost_item | P5: hurt_self | Q5: card_type | R5: type | S5: fixed_value | T5: attribute | V5: attribute_coefficient | AA5: card_combat | AC5: trigger | AD5: trigger_buff | AE5: trigger_value | AF5: skill_id | AH5: if_ture_effect | AI5: if_reduce_energy | AJ5: uplev_cost | AN5: uplev_next_id
A6: =Q6*1000+N6 -> 1001001 | B6: 红玉指 | C6: 1 | D6: 6 | E6: 造成%d点%s拳法伤害 | G6: -3 | H6: =IF(R6=0,Y6,0) -> 0 | J6: =OFFSET(card_type!$F$1,MATCH(Q6,card_type!A:A,0)-1,0) -> 1 | K6: =OFFSET(card_type!$G$1,MATCH(Q6,card_type!A:A,0)-1,0) -> 1 | L6: 1 | M6: =L6-H6 -> 1 | N6: =IF(B5=B6,N5+1,1) -> 1 | Q6: =OFFSET(card_type!$A$1,MATCH(card!B6,card_type!B:B,0)-1,0) -> 1001 | R6: 1 | S6: =ROUND(IF(R6=0,0,IF(R6=1,X6*$S$1,IF(R6=2,X6*$S$1*buff的资质计算!$E$2,IF(R6=3,X6*$S$1*buff的资质计算!$E$3,0)))),0)*0 -> 0 | T6: 1 | U6: =J6*10+K6 -> 11 | V6: =ROUND((OFFSET(卡牌辅助配置表!$O$1,MATCH(U6,卡牌辅助配置表!M:M,0)-1,0)+(N6-1)*OFFSET(卡牌辅助配置表!$P$1,MATCH(U6,卡牌辅助配置表!M:M,0)-1,0))*M6,2) -> 6.27 | W6: =ROUND(IF(R6=0,0,IF(R6=1,X6*$W$1,IF(R6=2,X6*$W$1*buff的资质计算!$E$2,IF(R6=3,X6*$W$1*buff的资质计算!$E$3,0)))),2) -> 0.6 | X6: =M6*($M$1+(J6-1)*$J$1+(K6-1)*$K$1)+G6+$J$1*(N6-1)/$N$1 -> 2 | Y6: =X6+H6 -> 2 | Z6: =Y6/M6 -> 2 | AA6: =OFFSET(卡牌辅助配置表!$AD$1,MATCH(AB6,卡牌辅助配置表!AB:AB,0)-1,0) -> 18 | AB6: =J6*1000+K6*100+N6 -> 1101 | AF6: =((Q6*1000+1)*10+1)&$AF$1 -> 10010011| | AJ6: =IF(AN6=0,0,IF(AL6=0,$AM$1&$AF$1&AM6&$AF$1&$AJ$1,AK6&$AF$1&AL6&$AF$1&$AJ$1&$AM$1&$AF$1&AM6&$AF$1&$AJ$1)) -> 400023|700|; | AK6: =OFFSET([1]item_type!$A$1,MATCH(Q6,[1]item_type!$G:$G,0)-1,0) -> 301001 | AM6: =IF(B6=B7,OFFSET(卡牌辅助配置表!$AE$1,MATCH(AB6,卡牌辅助配置表!AB:AB,0),0),0) -> 700 | AN6: =IF(B6=B7,A6+1,0) -> 1001002 | AP6: =IF(AC6=0,0,IF(AC6=12,0,OFFSET(effect!$N$1,MATCH(K6,effect!M:M,0)-1,0))) -> 0
A7: =Q7*1000+N7 -> 1001002 | B7: 红玉指 | C7: 1 | D7: 6 | E7: 造成%d点%s拳法伤害 | G7: -3 | H7: =IF(R7=0,Y7,0) -> 0 | J7: =OFFSET(card_type!$F$1,MATCH(Q7,card_type!A:A,0)-1,0) -> 1 | K7: =OFFSET(card_type!$G$1,MATCH(Q7,card_type!A:A,0)-1,0) -> 1 | L7: 1 | M7: 1 | N7: =IF(B6=B7,N6+1,1) -> 2 | Q7: =OFFSET(card_type!$A$1,MATCH(card!B7,card_type!B:B,0)-1,0) -> 1001 | R7: 1 | S7: =ROUND(IF(R7=0,0,IF(R7=1,X7*$S$1,IF(R7=2,X7*$S$1*buff的资质计算!$E$2,IF(R7=3,X7*$S$1*buff的资质计算!$E$3,0)))),0)*0 -> 0 | T7: 1 | U7: =J7*10+K7 -> 11 | V7: =ROUND((OFFSET(卡牌辅助配置表!$O$1,MATCH(U7,卡牌辅助配置表!M:M,0)-1,0)+(N7-1)*OFFSET(卡牌辅助配置表!$P$1,MATCH(U7,卡牌辅助配置表!M:M,0)-1,0))*M7,2) -> 6.48 | W7: =ROUND(IF(R7=0,0,IF(R7=1,X7*$W$1,IF(R7=2,X7*$W$1*buff的资质计算!$E$2,IF(R7=3,X7*$W$1*buff的资质计算!$E$3,0)))),2) -> 0.75 | X7: =M7*($M$1+(J7-1)*$J$1+(K7-1)*$K$1)+G7+$J$1*(N7-1)/$N$1 -> 2.5 | Y7: =X7+H7 -> 2.5 | Z7: =Y7/M7 -> 2.5 | AA7: =OFFSET(卡牌辅助配置表!$AD$1,MATCH(AB7,卡牌辅助配置表!AB:AB,0)-1,0) -> 36 | AB7: =J7*1000+K7*100+N7 -> 1102 | AF7: =((Q7*1000+1)*10+1)&$AF$1 -> 10010011| | AJ7: =IF(AN7=0,0,IF(AL7=0,$AM$1&$AF$1&AM7&$AF$1&$AJ$1,AK7&$AF$1&AL7&$AF$1&$AJ$1&$AM$1&$AF$1&AM7&$AF$1&$AJ$1)) -> 400023|900|; | AK7: =OFFSET([1]item_type!$A$1,MATCH(Q7,[1]item_type!$G:$G,0)-1,0) -> 301001 | AM7: =IF(B7=B8,OFFSET(卡牌辅助配置表!$AE$1,MATCH(AB7,卡牌辅助配置表!AB:AB,0),0),0) -> 900 | AN7: =IF(B7=B8,A7+1,0) -> 1001003 | AP7: =IF(AC7=0,0,IF(AC7=12,0,OFFSET(effect!$N$1,MATCH(K7,effect!M:M,0)-1,0))) -> 0
A8: =Q8*1000+N8 -> 1001003 | B8: 红玉指 | C8: 1 | D8: 6 | E8: 造成%d点%s拳法伤害 | G8: -3 | H8: =IF(R8=0,Y8,0) -> 0 | J8: =OFFSET(card_type!$F$1,MATCH(Q8,card_type!A:A,0)-1,0) -> 1 | K8: =OFFSET(card_type!$G$1,MATCH(Q8,card_type!A:A,0)-1,0) -> 1 | L8: 1 | M8: 1 | N8: =IF(B7=B8,N7+1,1) -> 3 | Q8: =OFFSET(card_type!$A$1,MATCH(card!B8,card_type!B:B,0)-1,0) -> 1001 | R8: 1 | S8: =ROUND(IF(R8=0,0,IF(R8=1,X8*$S$1,IF(R8=2,X8*$S$1*buff的资质计算!$E$2,IF(R8=3,X8*$S$1*buff的资质计算!$E$3,0)))),0)*0 -> 0 | T8: 1 | U8: =J8*10+K8 -> 11 | V8: =ROUND((OFFSET(卡牌辅助配置表!$O$1,MATCH(U8,卡牌辅助配置表!M:M,0)-1,0)+(N8-1)*OFFSET(卡牌辅助配置表!$P$1,MATCH(U8,卡牌辅助配置表!M:M,0)-1,0))*M8,2) -> 6.69 | W8: =ROUND(IF(R8=0,0,IF(R8=1,X8*$W$1,IF(R8=2,X8*$W$1*buff的资质计算!$E$2,IF(R8=3,X8*$W$1*buff的资质计算!$E$3,0)))),2) -> 0.9 | X8: =M8*($M$1+(J8-1)*$J$1+(K8-1)*$K$1)+G8+$J$1*(N8-1)/$N$1 -> 3 | Y8: =X8+H8 -> 3 | Z8: =Y8/M8 -> 3 | AA8: =OFFSET(卡牌辅助配置表!$AD$1,MATCH(AB8,卡牌辅助配置表!AB:AB,0)-1,0) -> 54 | AB8: =J8*1000+K8*100+N8 -> 1103 | AF8: =((Q8*1000+1)*10+1)&$AF$1 -> 10010011| | AJ8: =IF(AN8=0,0,IF(AL8=0,$AM$1&$AF$1&AM8&$AF$1&$AJ$1,AK8&$AF$1&AL8&$AF$1&$AJ$1&$AM$1&$AF$1&AM8&$AF$1&$AJ$1)) -> 400023|1100|; | AK8: =OFFSET([1]item_type!$A$1,MATCH(Q8,[1]item_type!$G:$G,0)-1,0) -> 301001 | AM8: =IF(B8=B9,OFFSET(卡牌辅助配置表!$AE$1,MATCH(AB8,卡牌辅助配置表!AB:AB,0),0),0) -> 1100 | AN8: =IF(B8=B9,A8+1,0) -> 1001004 | AP8: =IF(AC8=0,0,IF(AC8=12,0,OFFSET(effect!$N$1,MATCH(K8,effect!M:M,0)-1,0))) -> 0
A9: =Q9*1000+N9 -> 1001004 | B9: 红玉指 | C9: 1 | D9: 6 | E9: 造成%d点%s拳法伤害 | G9: -3 | H9: =IF(R9=0,Y9,0) -> 0 | J9: =OFFSET(card_type!$F$1,MATCH(Q9,card_type!A:A,0)-1,0) -> 1 | K9: =OFFSET(card_type!$G$1,MATCH(Q9,card_type!A:A,0)-1,0) -> 1 | L9: 1 | M9: 1 | N9: =IF(B8=B9,N8+1,1) -> 4 | Q9: =OFFSET(card_type!$A$1,MATCH(card!B9,card_type!B:B,0)-1,0) -> 1001 | R9: 1 | S9: =ROUND(IF(R9=0,0,IF(R9=1,X9*$S$1,IF(R9=2,X9*$S$1*buff的资质计算!$E$2,IF(R9=3,X9*$S$1*buff的资质计算!$E$3,0)))),0)*0 -> 0 | T9: 1 | U9: =J9*10+K9 -> 11 | V9: =ROUND((OFFSET(卡牌辅助配置表!$O$1,MATCH(U9,卡牌辅助配置表!M:M,0)-1,0)+(N9-1)*OFFSET(卡牌辅助配置表!$P$1,MATCH(U9,卡牌辅助配置表!M:M,0)-1,0))*M9,2) -> 6.9 | W9: =ROUND(IF(R9=0,0,IF(R9=1,X9*$W$1,IF(R9=2,X9*$W$1*buff的资质计算!$E$2,IF(R9=3,X9*$W$1*buff的资质计算!$E$3,0)))),2) -> 1.05 | X9: =M9*($M$1+(J9-1)*$J$1+(K9-1)*$K$1)+G9+$J$1*(N9-1)/$N$1 -> 3.5 | Y9: =X9+H9 -> 3.5 | Z9: =Y9/M9 -> 3.5 | AA9: =OFFSET(卡牌辅助配置表!$AD$1,MATCH(AB9,卡牌辅助配置表!AB:AB,0)-1,0) -> 72 | AB9: =J9*1000+K9*100+N9 -> 1104 | AF9: =((Q9*1000+1)*10+1)&$AF$1 -> 10010011| | AJ9: =IF(AN9=0,0,IF(AL9=0,$AM$1&$AF$1&AM9&$AF$1&$AJ$1,AK9&$AF$1&AL9&$AF$1&$AJ$1&$AM$1&$AF$1&AM9&$AF$1&$AJ$1)) -> 400023|1300|; | AK9: =OFFSET([1]item_type!$A$1,MATCH(Q9,[1]item_type!$G:$G,0)-1,0) -> 301001 | AM9: =IF(B9=B10,OFFSET(卡牌辅助配置表!$AE$1,MATCH(AB9,卡牌辅助配置表!AB:AB,0),0),0) -> 1300 | AN9: =IF(B9=B10,A9+1,0) -> 1001005 | AP9: =IF(AC9=0,0,IF(AC9=12,0,OFFSET(effect!$N$1,MATCH(K9,effect!M:M,0)-1,0))) -> 0
A10: =Q10*1000+N10 -> 1001005 | B10: 红玉指 | C10: 1 | D10: 6 | E10: 造成%d点%s拳法伤害 | G10: -3 | H10: =IF(R10=0,Y10,0) -> 0 | J10: =OFFSET(card_type!$F$1,MATCH(Q10,card_type!A:A,0)-1,0) -> 1 | K10: =OFFSET(card_type!$G$1,MATCH(Q10,card_type!A:A,0)-1,0) -> 1 | L10: 1 | M10: 1 | N10: =IF(B9=B10,N9+1,1) -> 5 | Q10: =OFFSET(card_type!$A$1,MATCH(card!B10,card_type!B:B,0)-1,0) -> 1001 | R10: 1 | S10: =ROUND(IF(R10=0,0,IF(R10=1,X10*$S$1,IF(R10=2,X10*$S$1*buff的资质计算!$E$2,IF(R10=3,X10*$S$1*buff的资质计算!$E$3,0)))),0)*0 -> 0 | T10: 1 | U10: =J10*10+K10 -> 11 | V10: =ROUND((OFFSET(卡牌辅助配置表!$O$1,MATCH(U10,卡牌辅助配置表!M:M,0)-1,0)+(N10-1)*OFFSET(卡牌辅助配置表!$P$1,MATCH(U10,卡牌辅助配置表!M:M,0)-1,0))*M10,2) -> 7.11 | W10: =ROUND(IF(R10=0,0,IF(R10=1,X10*$W$1,IF(R10=2,X10*$W$1*buff的资质计算!$E$2,IF(R10=3,X10*$W$1*buff的资质计算!$E$3,0)))),2) -> 1.2 | X10: =M10*($M$1+(J10-1)*$J$1+(K10-1)*$K$1)+G10+$J$1*(N10-1)/$N$1 -> 4 | Y10: =X10+H10 -> 4 | Z10: =Y10/M10 -> 4 | AA10: =OFFSET(卡牌辅助配置表!$AD$1,MATCH(AB10,卡牌辅助配置表!AB:AB,0)-1,0) -> 90 | AB10: =J10*1000+K10*100+N10 -> 1105 | AF10: =((Q10*1000+1)*10+1)&$AF$1 -> 10010011| | AJ10: =IF(AN10=0,0,IF(AL10=0,$AM$1&$AF$1&AM10&$AF$1&$AJ$1,AK10&$AF$1&AL10&$AF$1&$AJ$1&$AM$1&$AF$1&AM10&$AF$1&$AJ$1)) -> 400023|1500|; | AK10: =OFFSET([1]item_type!$A$1,MATCH(Q10,[1]item_type!$G:$G,0)-1,0) -> 301001 | AM10: =IF(B10=B11,OFFSET(卡牌辅助配置表!$AE$1,MATCH(AB10,卡牌辅助配置表!AB:AB,0),0),0) -> 1500 | AN10: =IF(B10=B11,A10+1,0) -> 1001006 | AP10: =IF(AC10=0,0,IF(AC10=12,0,OFFSET(effect!$N$1,MATCH(K10,effect!M:M,0)-1,0))) -> 0
A11: =Q11*1000+N11 -> 1001006 | B11: 红玉指 | C11: 1 | D11: 6 | E11: 造成%d点%s拳法伤害 | G11: -3 | H11: =IF(R11=0,Y11,0) -> 0 | J11: =OFFSET(card_type!$F$1,MATCH(Q11,card_type!A:A,0)-1,0) -> 1 | K11: =OFFSET(card_type!$G$1,MATCH(Q11,card_type!A:A,0)-1,0) -> 1 | L11: 1 | M11: 1 | N11: =IF(B10=B11,N10+1,1) -> 6 | Q11: =OFFSET(card_type!$A$1,MATCH(card!B11,card_type!B:B,0)-1,0) -> 1001 | R11: 1 | S11: =ROUND(IF(R11=0,0,IF(R11=1,X11*$S$1,IF(R11=2,X11*$S$1*buff的资质计算!$E$2,IF(R11=3,X11*$S$1*buff的资质计算!$E$3,0)))),0)*0 -> 0 | T11: 1 | U11: =J11*10+K11 -> 11 | V11: =ROUND((OFFSET(卡牌辅助配置表!$O$1,MATCH(U11,卡牌辅助配置表!M:M,0)-1,0)+(N11-1)*OFFSET(卡牌辅助配置表!$P$1,MATCH(U11,卡牌辅助配置表!M:M,0)-1,0))*M11,2) -> 7.32 | W11: =ROUND(IF(R11=0,0,IF(R11=1,X11*$W$1,IF(R11=2,X11*$W$1*buff的资质计算!$E$2,IF(R11=3,X11*$W$1*buff的资质计算!$E$3,0)))),2) -> 1.35 | X11: =M11*($M$1+(J11-1)*$J$1+(K11-1)*$K$1)+G11+$J$1*(N11-1)/$N$1 -> 4.5 | Y11: =X11+H11 -> 4.5 | Z11: =Y11/M11 -> 4.5 | AA11: =OFFSET(卡牌辅助配置表!$AD$1,MATCH(AB11,卡牌辅助配置表!AB:AB,0)-1,0) -> 108 | AB11: =J11*1000+K11*100+N11 -> 1106 | AF11: =((Q11*1000+1)*10+1)&$AF$1 -> 10010011| | AJ11: =IF(AN11=0,0,IF(AL11=0,$AM$1&$AF$1&AM11&$AF$1&$AJ$1,AK11&$AF$1&AL11&$AF$1&$AJ$1&$AM$1&$AF$1&AM11&$AF$1&$AJ$1)) -> 400023|1700|; | AK11: =OFFSET([1]item_type!$A$1,MATCH(Q11,[1]item_type!$G:$G,0)-1,0) -> 301001 | AM11: =IF(B11=B12,OFFSET(卡牌辅助配置表!$AE$1,MATCH(AB11,卡牌辅助配置表!AB:AB,0),0),0) -> 1700 | AN11: =IF(B11=B12,A11+1,0) -> 1001007 | AP11: =IF(AC11=0,0,IF(AC11=12,0,OFFSET(effect!$N$1,MATCH(K11,effect!M:M,0)-1,0))) -> 0
A12: =Q12*1000+N12 -> 1001007 | B12: 红玉指 | C12: 1 | D12: 6 | E12: 造成%d点%s拳法伤害 | G12: -3 | H12: =IF(R12=0,Y12,0) -> 0 | J12: =OFFSET(card_type!$F$1,MATCH(Q12,card_type!A:A,0)-1,0) -> 1 | K12: =OFFSET(card_type!$G$1,MATCH(Q12,card_type!A:A,0)-1,0) -> 1 | L12: 1 | M12: 1 | N12: =IF(B11=B12,N11+1,1) -> 7 | Q12: =OFFSET(card_type!$A$1,MATCH(card!B12,card_type!B:B,0)-1,0) -> 1001 | R12: 1 | S12: =ROUND(IF(R12=0,0,IF(R12=1,X12*$S$1,IF(R12=2,X12*$S$1*buff的资质计算!$E$2,IF(R12=3,X12*$S$1*buff的资质计算!$E$3,0)))),0)*0 -> 0 | T12: 1 | U12: =J12*10+K12 -> 11 | V12: =ROUND((OFFSET(卡牌辅助配置表!$O$1,MATCH(U12,卡牌辅助配置表!M:M,0)-1,0)+(N12-1)*OFFSET(卡牌辅助配置表!$P$1,MATCH(U12,卡牌辅助配置表!M:M,0)-1,0))*M12,2) -> 7.52 | W12: =ROUND(IF(R12=0,0,IF(R12=1,X12*$W$1,IF(R12=2,X12*$W$1*buff的资质计算!$E$2,IF(R12=3,X12*$W$1*buff的资质计算!$E$3,0)))),2) -> 1.5 | X12: =M12*($M$1+(J12-1)*$J$1+(K12-1)*$K$1)+G12+$J$1*(N12-1)/$N$1 -> 5 | Y12: =X12+H12 -> 5 | Z12: =Y12/M12 -> 5 | AA12: =OFFSET(卡牌辅助配置表!$AD$1,MATCH(AB12,卡牌辅助配置表!AB:AB,0)-1,0) -> 126 | AB12: =J12*1000+K12*100+N12 -> 1107 | AF12: =((Q12*1000+1)*10+1)&$AF$1 -> 10010011| | AJ12: =IF(AN12=0,0,IF(AL12=0,$AM$1&$AF$1&AM12&$AF$1&$AJ$1,AK12&$AF$1&AL12&$AF$1&$AJ$1&$AM$1&$AF$1&AM12&$AF$1&$AJ$1)) -> 400023|1900|; | AK12: =OFFSET([1]item_type!$A$1,MATCH(Q12,[1]item_type!$G:$G,0)-1,0) -> 301001 | AM12: =IF(B12=B13,OFFSET(卡牌辅助配置表!$AE$1,MATCH(AB12,卡牌辅助配置表!AB:AB,0),0),0) -> 1900 | AN12: =IF(B12=B13,A12+1,0) -> 1001008 | AP12: =IF(AC12=0,0,IF(AC12=12,0,OFFSET(effect!$N$1,MATCH(K12,effect!M:M,0)-1,0))) -> 0
A13: =Q13*1000+N13 -> 1001008 | B13: 红玉指 | C13: 1 | D13: 6 | E13: 造成%d点%s拳法伤害 | G13: -3 | H13: =IF(R13=0,Y13,0) -> 0 | J13: =OFFSET(card_type!$F$1,MATCH(Q13,card_type!A:A,0)-1,0) -> 1 | K13: =OFFSET(card_type!$G$1,MATCH(Q13,card_type!A:A,0)-1,0) -> 1 | L13: 1 | M13: 1 | N13: =IF(B12=B13,N12+1,1) -> 8 | Q13: =OFFSET(card_type!$A$1,MATCH(card!B13,card_type!B:B,0)-1,0) -> 1001 | R13: 1 | S13: =ROUND(IF(R13=0,0,IF(R13=1,X13*$S$1,IF(R13=2,X13*$S$1*buff的资质计算!$E$2,IF(R13=3,X13*$S$1*buff的资质计算!$E$3,0)))),0)*0 -> 0 | T13: 1 | U13: =J13*10+K13 -> 11 | V13: =ROUND((OFFSET(卡牌辅助配置表!$O$1,MATCH(U13,卡牌辅助配置表!M:M,0)-1,0)+(N13-1)*OFFSET(卡牌辅助配置表!$P$1,MATCH(U13,卡牌辅助配置表!M:M,0)-1,0))*M13,2) -> 7.73 | W13: =ROUND(IF(R13=0,0,IF(R13=1,X13*$W$1,IF(R13=2,X13*$W$1*buff的资质计算!$E$2,IF(R13=3,X13*$W$1*buff的资质计算!$E$3,0)))),2) -> 1.65 | X13: =M13*($M$1+(J13-1)*$J$1+(K13-1)*$K$1)+G13+$J$1*(N13-1)/$N$1 -> 5.5 | Y13: =X13+H13 -> 5.5 | Z13: =Y13/M13 -> 5.5 | AA13: =OFFSET(卡牌辅助配置表!$AD$1,MATCH(AB13,卡牌辅助配置表!AB:AB,0)-1,0) -> 144 | AB13: =J13*1000+K13*100+N13 -> 1108 | AF13: =((Q13*1000+1)*10+1)&$AF$1 -> 10010011| | AJ13: =IF(AN13=0,0,IF(AL13=0,$AM$1&$AF$1&AM13&$AF$1&$AJ$1,AK13&$AF$1&AL13&$AF$1&$AJ$1&$AM$1&$AF$1&AM13&$AF$1&$AJ$1)) -> 400023|2100|; | AK13: =OFFSET([1]item_type!$A$1,MATCH(Q13,[1]item_type!$G:$G,0)-1,0) -> 301001 | AM13: =IF(B13=B14,OFFSET(卡牌辅助配置表!$AE$1,MATCH(AB13,卡牌辅助配置表!AB:AB,0),0),0) -> 2100 | AN13: =IF(B13=B14,A13+1,0) -> 1001009 | AP13: =IF(AC13=0,0,IF(AC13=12,0,OFFSET(effect!$N$1,MATCH(K13,effect!M:M,0)-1,0))) -> 0
A14: =Q14*1000+N14 -> 1001009 | B14: 红玉指 | C14: 1 | D14: 6 | E14: 造成%d点%s拳法伤害 | G14: -3 | H14: =IF(R14=0,Y14,0) -> 0 | J14: =OFFSET(card_type!$F$1,MATCH(Q14,card_type!A:A,0)-1,0) -> 1 | K14: =OFFSET(card_type!$G$1,MATCH(Q14,card_type!A:A,0)-1,0) -> 1 | L14: 1 | M14: 1 | N14: =IF(B13=B14,N13+1,1) -> 9 | Q14: =OFFSET(card_type!$A$1,MATCH(card!B14,card_type!B:B,0)-1,0) -> 1001 | R14: 1 | S14: =ROUND(IF(R14=0,0,IF(R14=1,X14*$S$1,IF(R14=2,X14*$S$1*buff的资质计算!$E$2,IF(R14=3,X14*$S$1*buff的资质计算!$E$3,0)))),0)*0 -> 0 | T14: 1 | U14: =J14*10+K14 -> 11 | V14: =ROUND((OFFSET(卡牌辅助配置表!$O$1,MATCH(U14,卡牌辅助配置表!M:M,0)-1,0)+(N14-1)*OFFSET(卡牌辅助配置表!$P$1,MATCH(U14,卡牌辅助配置表!M:M,0)-1,0))*M14,2) -> 7.94 | W14: =ROUND(IF(R14=0,0,IF(R14=1,X14*$W$1,IF(R14=2,X14*$W$1*buff的资质计算!$E$2,IF(R14=3,X14*$W$1*buff的资质计算!$E$3,0)))),2) -> 1.8 | X14: =M14*($M$1+(J14-1)*$J$1+(K14-1)*$K$1)+G14+$J$1*(N14-1)/$N$1 -> 6 | Y14: =X14+H14 -> 6 | Z14: =Y14/M14 -> 6 | AA14: =OFFSET(卡牌辅助配置表!$AD$1,MATCH(AB14,卡牌辅助配置表!AB:AB,0)-1,0) -> 162 | AB14: =J14*1000+K14*100+N14 -> 1109 | AF14: =((Q14*1000+1)*10+1)&$AF$1 -> 10010011| | AJ14: =IF(AN14=0,0,IF(AL14=0,$AM$1&$AF$1&AM14&$AF$1&$AJ$1,AK14&$AF$1&AL14&$AF$1&$AJ$1&$AM$1&$AF$1&AM14&$AF$1&$AJ$1)) -> 301001|15|;400023|2300|; | AK14: =OFFSET([1]item_type!$A$1,MATCH(Q14,[1]item_type!$G:$G,0)-1,0) -> 301001 | AL14: 15 | AM14: =IF(B14=B15,OFFSET(卡牌辅助配置表!$AE$1,MATCH(AB14,卡牌辅助配置表!AB:AB,0),0),0) -> 2300 | AN14: =IF(B14=B15,A14+1,0) -> 1001010 | AP14: =IF(AC14=0,0,IF(AC14=12,0,OFFSET(effect!$N$1,MATCH(K14,effect!M:M,0)-1,0))) -> 0
A15: =Q15*1000+N15 -> 1001010 | B15: 红玉指 | C15: 1 | D15: 6 | E15: 造成%d点%s拳法伤害 | G15: -3 | H15: =IF(R15=0,Y15,0) -> 0 | J15: =OFFSET(card_type!$F$1,MATCH(Q15,card_type!A:A,0)-1,0) -> 1 | K15: =OFFSET(card_type!$G$1,MATCH(Q15,card_type!A:A,0)-1,0) -> 1 | L15: 1 | M15: 1 | N15: =IF(B14=B15,N14+1,1) -> 10 | Q15: =OFFSET(card_type!$A$1,MATCH(card!B15,card_type!B:B,0)-1,0) -> 1001 | R15: 1 | S15: =ROUND(IF(R15=0,0,IF(R15=1,X15*$S$1,IF(R15=2,X15*$S$1*buff的资质计算!$E$2,IF(R15=3,X15*$S$1*buff的资质计算!$E$3,0)))),0)*0 -> 0 | T15: 1 | U15: =J15*10+K15 -> 11 | V15: =ROUND((OFFSET(卡牌辅助配置表!$O$1,MATCH(U15,卡牌辅助配置表!M:M,0)-1,0)+(N15-1)*OFFSET(卡牌辅助配置表!$P$1,MATCH(U15,卡牌辅助配置表!M:M,0)-1,0))*M15,2) -> 8.15 | W15: =ROUND(IF(R15=0,0,IF(R15=1,X15*$W$1,IF(R15=2,X15*$W$1*buff的资质计算!$E$2,IF(R15=3,X15*$W$1*buff的资质计算!$E$3,0)))),2) -> 1.95 | X15: =M15*($M$1+(J15-1)*$J$1+(K15-1)*$K$1)+G15+$J$1*(N15-1)/$N$1 -> 6.5 | Y15: =X15+H15 -> 6.5 | Z15: =Y15/M15 -> 6.5 | AA15: =OFFSET(卡牌辅助配置表!$AD$1,MATCH(AB15,卡牌辅助配置表!AB:AB,0)-1,0) -> 180 | AB15: =J15*1000+K15*100+N15 -> 1110 | AF15: =((Q15*1000+1)*10+1)&$AF$1 -> 10010011| | AJ15: =IF(AN15=0,0,IF(AL15=0,$AM$1&$AF$1&AM15&$AF$1&$AJ$1,AK15&$AF$1&AL15&$AF$1&$AJ$1&$AM$1&$AF$1&AM15&$AF$1&$AJ$1)) -> 400023|2700|; | AK15: =OFFSET([1]item_type!$A$1,MATCH(Q15,[1]item_type!$G:$G,0)-1,0) -> 301001 | AM15: =IF(B15=B16,OFFSET(卡牌辅助配置表!$AE$1,MATCH(AB15,卡牌辅助配置表!AB:AB,0),0),0) -> 2700 | AN15: =IF(B15=B16,A15+1,0) -> 1001011 | AP15: =IF(AC15=0,0,IF(AC15=12,0,OFFSET(effect!$N$1,MATCH(K15,effect!M:M,0)-1,0))) -> 0
A16: =Q16*1000+N16 -> 1001011 | B16: 红玉指 | C16: 1 | D16: 6 | E16: 造成%d点%s拳法伤害 | G16: -3 | H16: =IF(R16=0,Y16,0) -> 0 | J16: =OFFSET(card_type!$F$1,MATCH(Q16,card_type!A:A,0)-1,0) -> 1 | K16: =OFFSET(card_type!$G$1,MATCH(Q16,card_type!A:A,0)-1,0) -> 1 | L16: 1 | M16: 1 | N16: =IF(B15=B16,N15+1,1) -> 11 | Q16: =OFFSET(card_type!$A$1,MATCH(card!B16,card_type!B:B,0)-1,0) -> 1001 | R16: 1 | S16: =ROUND(IF(R16=0,0,IF(R16=1,X16*$S$1,IF(R16=2,X16*$S$1*buff的资质计算!$E$2,IF(R16=3,X16*$S$1*buff的资质计算!$E$3,0)))),0)*0 -> 0 | T16: 1 | U16: =J16*10+K16 -> 11 | V16: =ROUND((OFFSET(卡牌辅助配置表!$O$1,MATCH(U16,卡牌辅助配置表!M:M,0)-1,0)+(N16-1)*OFFSET(卡牌辅助配置表!$P$1,MATCH(U16,卡牌辅助配置表!M:M,0)-1,0))*M16,2) -> 8.36 | W16: =ROUND(IF(R16=0,0,IF(R16=1,X16*$W$1,IF(R16=2,X16*$W$1*buff的资质计算!$E$2,IF(R16=3,X16*$W$1*buff的资质计算!$E$3,0)))),2) -> 2.1 | X16: =M16*($M$1+(J16-1)*$J$1+(K16-1)*$K$1)+G16+$J$1*(N16-1)/$N$1 -> 7 | Y16: =X16+H16 -> 7 | Z16: =Y16/M16 -> 7 | AA16: =OFFSET(卡牌辅助配置表!$AD$1,MATCH(AB16,卡牌辅助配置表!AB:AB,0)-1,0) -> 207 | AB16: =J16*1000+K16*100+N16 -> 1111 | AF16: =((Q16*1000+1)*10+1)&$AF$1 -> 10010011| | AJ16: =IF(AN16=0,0,IF(AL16=0,$AM$1&$AF$1&AM16&$AF$1&$AJ$1,AK16&$AF$1&AL16&$AF$1&$AJ$1&$AM$1&$AF$1&AM16&$AF$1&$AJ$1)) -> 400023|3100|; | AK16: =OFFSET([1]item_type!$A$1,MATCH(Q16,[1]item_type!$G:$G,0)-1,0) -> 301001 | AM16: =IF(B16=B17,OFFSET(卡牌辅助配置表!$AE$1,MATCH(AB16,卡牌辅助配置表!AB:AB,0),0),0) -> 3100 | AN16: =IF(B16=B17,A16+1,0) -> 1001012 | AP16: =IF(AC16=0,0,IF(AC16=12,0,OFFSET(effect!$N$1,MATCH(K16,effect!M:M,0)-1,0))) -> 0
A17: =Q17*1000+N17 -> 1001012 | B17: 红玉指 | C17: 1 | D17: 6 | E17: 造成%d点%s拳法伤害 | G17: -3 | H17: =IF(R17=0,Y17,0) -> 0 | J17: =OFFSET(card_type!$F$1,MATCH(Q17,card_type!A:A,0)-1,0) -> 1 | K17: =OFFSET(card_type!$G$1,MATCH(Q17,card_type!A:A,0)-1,0) -> 1 | L17: 1 | M17: 1 | N17: =IF(B16=B17,N16+1,1) -> 12 | Q17: =OFFSET(card_type!$A$1,MATCH(card!B17,card_type!B:B,0)-1,0) -> 1001 | R17: 1 | S17: =ROUND(IF(R17=0,0,IF(R17=1,X17*$S$1,IF(R17=2,X17*$S$1*buff的资质计算!$E$2,IF(R17=3,X17*$S$1*buff的资质计算!$E$3,0)))),0)*0 -> 0 | T17: 1 | U17: =J17*10+K17 -> 11 | V17: =ROUND((OFFSET(卡牌辅助配置表!$O$1,MATCH(U17,卡牌辅助配置表!M:M,0)-1,0)+(N17-1)*OFFSET(卡牌辅助配置表!$P$1,MATCH(U17,卡牌辅助配置表!M:M,0)-1,0))*M17,2) -> 8.57 | W17: =ROUND(IF(R17=0,0,IF(R17=1,X17*$W$1,IF(R17=2,X17*$W$1*buff的资质计算!$E$2,IF(R17=3,X17*$W$1*buff的资质计算!$E$3,0)))),2) -> 2.25 | X17: =M17*($M$1+(J17-1)*$J$1+(K17-1)*$K$1)+G17+$J$1*(N17-1)/$N$1 -> 7.5 | Y17: =X17+H17 -> 7.5 | Z17: =Y17/M17 -> 7.5 | AA17: =OFFSET(卡牌辅助配置表!$AD$1,MATCH(AB17,卡牌辅助配置表!AB:AB,0)-1,0) -> 234 | AB17: =J17*1000+K17*100+N17 -> 1112 | AF17: =((Q17*1000+1)*10+1)&$AF$1 -> 10010011| | AJ17: =IF(AN17=0,0,IF(AL17=0,$AM$1&$AF$1&AM17&$AF$1&$AJ$1,AK17&$AF$1&AL17&$AF$1&$AJ$1&$AM$1&$AF$1&AM17&$AF$1&$AJ$1)) -> 400023|3500|; | AK17: =OFFSET([1]item_type!$A$1,MATCH(Q17,[1]item_type!$G:$G,0)-1,0) -> 301001 | AM17: =IF(B17=B18,OFFSET(卡牌辅助配置表!$AE$1,MATCH(AB17,卡牌辅助配置表!AB:AB,0),0),0) -> 3500 | AN17: =IF(B17=B18,A17+1,0) -> 1001013 | AP17: =IF(AC17=0,0,IF(AC17=12,0,OFFSET(effect!$N$1,MATCH(K17,effect!M:M,0)-1,0))) -> 0
A18: =Q18*1000+N18 -> 1001013 | B18: 红玉指 | C18: 1 | D18: 6 | E18: 造成%d点%s拳法伤害 | G18: -3 | H18: =IF(R18=0,Y18,0) -> 0 | J18: =OFFSET(card_type!$F$1,MATCH(Q18,card_type!A:A,0)-1,0) -> 1 | K18: =OFFSET(card_type!$G$1,MATCH(Q18,card_type!A:A,0)-1,0) -> 1 | L18: 1 | M18: 1 | N18: =IF(B17=B18,N17+1,1) -> 13 | Q18: =OFFSET(card_type!$A$1,MATCH(card!B18,card_type!B:B,0)-1,0) -> 1001 | R18: 1 | S18: =ROUND(IF(R18=0,0,IF(R18=1,X18*$S$1,IF(R18=2,X18*$S$1*buff的资质计算!$E$2,IF(R18=3,X18*$S$1*buff的资质计算!$E$3,0)))),0)*0 -> 0 | T18: 1 | U18: =J18*10+K18 -> 11 | V18: =ROUND((OFFSET(卡牌辅助配置表!$O$1,MATCH(U18,卡牌辅助配置表!M:M,0)-1,0)+(N18-1)*OFFSET(卡牌辅助配置表!$P$1,MATCH(U18,卡牌辅助配置表!M:M,0)-1,0))*M18,2) -> 8.78 | W18: =ROUND(IF(R18=0,0,IF(R18=1,X18*$W$1,IF(R18=2,X18*$W$1*buff的资质计算!$E$2,IF(R18=3,X18*$W$1*buff的资质计算!$E$3,0)))),2) -> 2.4 | X18: =M18*($M$1+(J18-1)*$J$1+(K18-1)*$K$1)+G18+$J$1*(N18-1)/$N$1 -> 8 | Y18: =X18+H18 -> 8 | Z18: =Y18/M18 -> 8 | AA18: =OFFSET(卡牌辅助配置表!$AD$1,MATCH(AB18,卡牌辅助配置表!AB:AB,0)-1,0) -> 261 | AB18: =J18*1000+K18*100+N18 -> 1113 | AF18: =((Q18*1000+1)*10+1)&$AF$1 -> 10010011| | AJ18: =IF(AN18=0,0,IF(AL18=0,$AM$1&$AF$1&AM18&$AF$1&$AJ$1,AK18&$AF$1&AL18&$AF$1&$AJ$1&$AM$1&$AF$1&AM18&$AF$1&$AJ$1)) -> 400023|3900|; | AK18: =OFFSET([1]item_type!$A$1,MATCH(Q18,[1]item_type!$G:$G,0)-1,0) -> 301001 | AM18: =IF(B18=B19,OFFSET(卡牌辅助配置表!$AE$1,MATCH(AB18,卡牌辅助配置表!AB:AB,0),0),0) -> 3900 | AN18: =IF(B18=B19,A18+1,0) -> 1001014 | AP18: =IF(AC18=0,0,IF(AC18=12,0,OFFSET(effect!$N$1,MATCH(K18,effect!M:M,0)-1,0))) -> 0
A19: =Q19*1000+N19 -> 1001014 | B19: 红玉指 | C19: 1 | D19: 6 | E19: 造成%d点%s拳法伤害 | G19: -3 | H19: =IF(R19=0,Y19,0) -> 0 | J19: =OFFSET(card_type!$F$1,MATCH(Q19,card_type!A:A,0)-1,0) -> 1 | K19: =OFFSET(card_type!$G$1,MATCH(Q19,card_type!A:A,0)-1,0) -> 1 | L19: 1 | M19: 1 | N19: =IF(B18=B19,N18+1,1) -> 14 | Q19: =OFFSET(card_type!$A$1,MATCH(card!B19,card_type!B:B,0)-1,0) -> 1001 | R19: 1 | S19: =ROUND(IF(R19=0,0,IF(R19=1,X19*$S$1,IF(R19=2,X19*$S$1*buff的资质计算!$E$2,IF(R19=3,X19*$S$1*buff的资质计算!$E$3,0)))),0)*0 -> 0 | T19: 1 | U19: =J19*10+K19 -> 11 | V19: =ROUND((OFFSET(卡牌辅助配置表!$O$1,MATCH(U19,卡牌辅助配置表!M:M,0)-1,0)+(N19-1)*OFFSET(卡牌辅助配置表!$P$1,MATCH(U19,卡牌辅助配置表!M:M,0)-1,0))*M19,2) -> 8.99 | W19: =ROUND(IF(R19=0,0,IF(R19=1,X19*$W$1,IF(R19=2,X19*$W$1*buff的资质计算!$E$2,IF(R19=3,X19*$W$1*buff的资质计算!$E$3,0)))),2) -> 2.55 | X19: =M19*($M$1+(J19-1)*$J$1+(K19-1)*$K$1)+G19+$J$1*(N19-1)/$N$1 -> 8.5 | Y19: =X19+H19 -> 8.5 | Z19: =Y19/M19 -> 8.5 | AA19: =OFFSET(卡牌辅助配置表!$AD$1,MATCH(AB19,卡牌辅助配置表!AB:AB,0)-1,0) -> 288 | AB19: =J19*1000+K19*100+N19 -> 1114 | AF19: =((Q19*1000+1)*10+1)&$AF$1 -> 10010011| | AJ19: =IF(AN19=0,0,IF(AL19=0,$AM$1&$AF$1&AM19&$AF$1&$AJ$1,AK19&$AF$1&AL19&$AF$1&$AJ$1&$AM$1&$AF$1&AM19&$AF$1&$AJ$1)) -> 400023|4300|; | AK19: =OFFSET([1]item_type!$A$1,MATCH(Q19,[1]item_type!$G:$G,0)-1,0) -> 301001 | AM19: =IF(B19=B20,OFFSET(卡牌辅助配置表!$AE$1,MATCH(AB19,卡牌辅助配置表!AB:AB,0),0),0) -> 4300 | AN19: =IF(B19=B20,A19+1,0) -> 1001015 | AP19: =IF(AC19=0,0,IF(AC19=12,0,OFFSET(effect!$N$1,MATCH(K19,effect!M:M,0)-1,0))) -> 0
A20: =Q20*1000+N20 -> 1001015 | B20: 红玉指 | C20: 1 | D20: 6 | E20: 造成%d点%s拳法伤害 | G20: -3 | H20: =IF(R20=0,Y20,0) -> 0 | J20: =OFFSET(card_type!$F$1,MATCH(Q20,card_type!A:A,0)-1,0) -> 1 | K20: =OFFSET(card_type!$G$1,MATCH(Q20,card_type!A:A,0)-1,0) -> 1 | L20: 1 | M20: 1 | N20: =IF(B19=B20,N19+1,1) -> 15 | Q20: =OFFSET(card_type!$A$1,MATCH(card!B20,card_type!B:B,0)-1,0) -> 1001 | R20: 1 | S20: =ROUND(IF(R20=0,0,IF(R20=1,X20*$S$1,IF(R20=2,X20*$S$1*buff的资质计算!$E$2,IF(R20=3,X20*$S$1*buff的资质计算!$E$3,0)))),0)*0 -> 0 | T20: 1 | U20: =J20*10+K20 -> 11 | V20: =ROUND((OFFSET(卡牌辅助配置表!$O$1,MATCH(U20,卡牌辅助配置表!M:M,0)-1,0)+(N20-1)*OFFSET(卡牌辅助配置表!$P$1,MATCH(U20,卡牌辅助配置表!M:M,0)-1,0))*M20,2) -> 9.2 | W20: =ROUND(IF(R20=0,0,IF(R20=1,X20*$W$1,IF(R20=2,X20*$W$1*buff的资质计算!$E$2,IF(R20=3,X20*$W$1*buff的资质计算!$E$3,0)))),2) -> 2.7 | X20: =M20*($M$1+(J20-1)*$J$1+(K20-1)*$K$1)+G20+$J$1*(N20-1)/$N$1 -> 9 | Y20: =X20+H20 -> 9 | Z20: =Y20/M20 -> 9 | AA20: =OFFSET(卡牌辅助配置表!$AD$1,MATCH(AB20,卡牌辅助配置表!AB:AB,0)-1,0) -> 315 | AB20: =J20*1000+K20*100+N20 -> 1115 | AF20: =((Q20*1000+1)*10+1)&$AF$1 -> 10010011| | AJ20: =IF(AN20=0,0,IF(AL20=0,$AM$1&$AF$1&AM20&$AF$1&$AJ$1,AK20&$AF$1&AL20&$AF$1&$AJ$1&$AM$1&$AF$1&AM20&$AF$1&$AJ$1)) -> 400023|4700|; | AK20: =OFFSET([1]item_type!$A$1,MATCH(Q20,[1]item_type!$G:$G,0)-1,0) -> 301001 | AM20: =IF(B20=B21,OFFSET(卡牌辅助配置表!$AE$1,MATCH(AB20,卡牌辅助配置表!AB:AB,0),0),0) -> 4700 | AN20: =IF(B20=B21,A20+1,0) -> 1001016 | AP20: =IF(AC20=0,0,IF(AC20=12,0,OFFSET(effect!$N$1,MATCH(K20,effect!M:M,0)-1,0))) -> 0
A21: =Q21*1000+N21 -> 1001016 | B21: 红玉指 | C21: 1 | D21: 6 | E21: 造成%d点%s拳法伤害 | G21: -3 | H21: =IF(R21=0,Y21,0) -> 0 | J21: =OFFSET(card_type!$F$1,MATCH(Q21,card_type!A:A,0)-1,0) -> 1 | K21: =OFFSET(card_type!$G$1,MATCH(Q21,card_type!A:A,0)-1,0) -> 1 | L21: 1 | M21: 1 | N21: =IF(B20=B21,N20+1,1) -> 16 | Q21: =OFFSET(card_type!$A$1,MATCH(card!B21,card_type!B:B,0)-1,0) -> 1001 | R21: 1 | S21: =ROUND(IF(R21=0,0,IF(R21=1,X21*$S$1,IF(R21=2,X21*$S$1*buff的资质计算!$E$2,IF(R21=3,X21*$S$1*buff的资质计算!$E$3,0)))),0)*0 -> 0 | T21: 1 | U21: =J21*10+K21 -> 11 | V21: =ROUND((OFFSET(卡牌辅助配置表!$O$1,MATCH(U21,卡牌辅助配置表!M:M,0)-1,0)+(N21-1)*OFFSET(卡牌辅助配置表!$P$1,MATCH(U21,卡牌辅助配置表!M:M,0)-1,0))*M21,2) -> 9.41 | W21: =ROUND(IF(R21=0,0,IF(R21=1,X21*$W$1,IF(R21=2,X21*$W$1*buff的资质计算!$E$2,IF(R21=3,X21*$W$1*buff的资质计算!$E$3,0)))),2) -> 2.85 | X21: =M21*($M$1+(J21-1)*$J$1+(K21-1)*$K$1)+G21+$J$1*(N21-1)/$N$1 -> 9.5 | Y21: =X21+H21 -> 9.5 | Z21: =Y21/M21 -> 9.5 | AA21: =OFFSET(卡牌辅助配置表!$AD$1,MATCH(AB21,卡牌辅助配置表!AB:AB,0)-1,0) -> 342 | AB21: =J21*1000+K21*100+N21 -> 1116 | AF21: =((Q21*1000+1)*10+1)&$AF$1 -> 10010011| | AJ21: =IF(AN21=0,0,IF(AL21=0,$AM$1&$AF$1&AM21&$AF$1&$AJ$1,AK21&$AF$1&AL21&$AF$1&$AJ$1&$AM$1&$AF$1&AM21&$AF$1&$AJ$1)) -> 400023|5100|; | AK21: =OFFSET([1]item_type!$A$1,MATCH(Q21,[1]item_type!$G:$G,0)-1,0) -> 301001 | AM21: =IF(B21=B22,OFFSET(卡牌辅助配置表!$AE$1,MATCH(AB21,卡牌辅助配置表!AB:AB,0),0),0) -> 5100 | AN21: =IF(B21=B22,A21+1,0) -> 1001017 | AP21: =IF(AC21=0,0,IF(AC21=12,0,OFFSET(effect!$N$1,MATCH(K21,effect!M:M,0)-1,0))) -> 0
A22: =Q22*1000+N22 -> 1001017 | B22: 红玉指 | C22: 1 | D22: 6 | E22: 造成%d点%s拳法伤害 | G22: -3 | H22: =IF(R22=0,Y22,0) -> 0 | J22: =OFFSET(card_type!$F$1,MATCH(Q22,card_type!A:A,0)-1,0) -> 1 | K22: =OFFSET(card_type!$G$1,MATCH(Q22,card_type!A:A,0)-1,0) -> 1 | L22: 1 | M22: 1 | N22: =IF(B21=B22,N21+1,1) -> 17 | Q22: =OFFSET(card_type!$A$1,MATCH(card!B22,card_type!B:B,0)-1,0) -> 1001 | R22: 1 | S22: =ROUND(IF(R22=0,0,IF(R22=1,X22*$S$1,IF(R22=2,X22*$S$1*buff的资质计算!$E$2,IF(R22=3,X22*$S$1*buff的资质计算!$E$3,0)))),0)*0 -> 0 | T22: 1 | U22: =J22*10+K22 -> 11 | V22: =ROUND((OFFSET(卡牌辅助配置表!$O$1,MATCH(U22,卡牌辅助配置表!M:M,0)-1,0)+(N22-1)*OFFSET(卡牌辅助配置表!$P$1,MATCH(U22,卡牌辅助配置表!M:M,0)-1,0))*M22,2) -> 9.61 | W22: =ROUND(IF(R22=0,0,IF(R22=1,X22*$W$1,IF(R22=2,X22*$W$1*buff的资质计算!$E$2,IF(R22=3,X22*$W$1*buff的资质计算!$E$3,0)))),2) -> 3 | X22: =M22*($M$1+(J22-1)*$J$1+(K22-1)*$K$1)+G22+$J$1*(N22-1)/$N$1 -> 10 | Y22: =X22+H22 -> 10 | Z22: =Y22/M22 -> 10 | AA22: =OFFSET(卡牌辅助配置表!$AD$1,MATCH(AB22,卡牌辅助配置表!AB:AB,0)-1,0) -> 369 | AB22: =J22*1000+K22*100+N22 -> 1117 | AF22: =((Q22*1000+1)*10+1)&$AF$1 -> 10010011| | AJ22: =IF(AN22=0,0,IF(AL22=0,$AM$1&$AF$1&AM22&$AF$1&$AJ$1,AK22&$AF$1&AL22&$AF$1&$AJ$1&$AM$1&$AF$1&AM22&$AF$1&$AJ$1)) -> 400023|5500|; | AK22: =OFFSET([1]item_type!$A$1,MATCH(Q22,[1]item_type!$G:$G,0)-1,0) -> 301001 | AM22: =IF(B22=B23,OFFSET(卡牌辅助配置表!$AE$1,MATCH(AB22,卡牌辅助配置表!AB:AB,0),0),0) -> 5500 | AN22: =IF(B22=B23,A22+1,0) -> 1001018 | AP22: =IF(AC22=0,0,IF(AC22=12,0,OFFSET(effect!$N$1,MATCH(K22,effect!M:M,0)-1,0))) -> 0
A23: =Q23*1000+N23 -> 1001018 | B23: 红玉指 | C23: 1 | D23: 6 | E23: 造成%d点%s拳法伤害 | G23: -3 | H23: =IF(R23=0,Y23,0) -> 0 | J23: =OFFSET(card_type!$F$1,MATCH(Q23,card_type!A:A,0)-1,0) -> 1 | K23: =OFFSET(card_type!$G$1,MATCH(Q23,card_type!A:A,0)-1,0) -> 1 | L23: 1 | M23: 1 | N23: =IF(B22=B23,N22+1,1) -> 18 | Q23: =OFFSET(card_type!$A$1,MATCH(card!B23,card_type!B:B,0)-1,0) -> 1001 | R23: 1 | S23: =ROUND(IF(R23=0,0,IF(R23=1,X23*$S$1,IF(R23=2,X23*$S$1*buff的资质计算!$E$2,IF(R23=3,X23*$S$1*buff的资质计算!$E$3,0)))),0)*0 -> 0 | T23: 1 | U23: =J23*10+K23 -> 11 | V23: =ROUND((OFFSET(卡牌辅助配置表!$O$1,MATCH(U23,卡牌辅助配置表!M:M,0)-1,0)+(N23-1)*OFFSET(卡牌辅助配置表!$P$1,MATCH(U23,卡牌辅助配置表!M:M,0)-1,0))*M23,2) -> 9.82 | W23: =ROUND(IF(R23=0,0,IF(R23=1,X23*$W$1,IF(R23=2,X23*$W$1*buff的资质计算!$E$2,IF(R23=3,X23*$W$1*buff的资质计算!$E$3,0)))),2) -> 3.15 | X23: =M23*($M$1+(J23-1)*$J$1+(K23-1)*$K$1)+G23+$J$1*(N23-1)/$N$1 -> 10.5 | Y23: =X23+H23 -> 10.5 | Z23: =Y23/M23 -> 10.5 | AA23: =OFFSET(卡牌辅助配置表!$AD$1,MATCH(AB23,卡牌辅助配置表!AB:AB,0)-1,0) -> 396 | AB23: =J23*1000+K23*100+N23 -> 1118 | AF23: =((Q23*1000+1)*10+1)&$AF$1 -> 10010011| | AJ23: =IF(AN23=0,0,IF(AL23=0,$AM$1&$AF$1&AM23&$AF$1&$AJ$1,AK23&$AF$1&AL23&$AF$1&$AJ$1&$AM$1&$AF$1&AM23&$AF$1&$AJ$1)) -> 400023|5900|; | AK23: =OFFSET([1]item_type!$A$1,MATCH(Q23,[1]item_type!$G:$G,0)-1,0) -> 301001 | AM23: =IF(B23=B24,OFFSET(卡牌辅助配置表!$AE$1,MATCH(AB23,卡牌辅助配置表!AB:AB,0),0),0) -> 5900 | AN23: =IF(B23=B24,A23+1,0) -> 1001019 | AP23: =IF(AC23=0,0,IF(AC23=12,0,OFFSET(effect!$N$1,MATCH(K23,effect!M:M,0)-1,0))) -> 0
A24: =Q24*1000+N24 -> 1001019 | B24: 红玉指 | C24: 1 | D24: 6 | E24: 造成%d点%s拳法伤害 | G24: -3 | H24: =IF(R24=0,Y24,0) -> 0 | J24: =OFFSET(card_type!$F$1,MATCH(Q24,card_type!A:A,0)-1,0) -> 1 | K24: =OFFSET(card_type!$G$1,MATCH(Q24,card_type!A:A,0)-1,0) -> 1 | L24: 1 | M24: 1 | N24: =IF(B23=B24,N23+1,1) -> 19 | Q24: =OFFSET(card_type!$A$1,MATCH(card!B24,card_type!B:B,0)-1,0) -> 1001 | R24: 1 | S24: =ROUND(IF(R24=0,0,IF(R24=1,X24*$S$1,IF(R24=2,X24*$S$1*buff的资质计算!$E$2,IF(R24=3,X24*$S$1*buff的资质计算!$E$3,0)))),0)*0 -> 0 | T24: 1 | U24: =J24*10+K24 -> 11 | V24: =ROUND((OFFSET(卡牌辅助配置表!$O$1,MATCH(U24,卡牌辅助配置表!M:M,0)-1,0)+(N24-1)*OFFSET(卡牌辅助配置表!$P$1,MATCH(U24,卡牌辅助配置表!M:M,0)-1,0))*M24,2) -> 10.03 | W24: =ROUND(IF(R24=0,0,IF(R24=1,X24*$W$1,IF(R24=2,X24*$W$1*buff的资质计算!$E$2,IF(R24=3,X24*$W$1*buff的资质计算!$E$3,0)))),2) -> 3.3 | X24: =M24*($M$1+(J24-1)*$J$1+(K24-1)*$K$1)+G24+$J$1*(N24-1)/$N$1 -> 11 | Y24: =X24+H24 -> 11 | Z24: =Y24/M24 -> 11 | AA24: =OFFSET(卡牌辅助配置表!$AD$1,MATCH(AB24,卡牌辅助配置表!AB:AB,0)-1,0) -> 423 | AB24: =J24*1000+K24*100+N24 -> 1119 | AF24: =((Q24*1000+1)*10+1)&$AF$1 -> 10010011| | AJ24: =IF(AN24=0,0,IF(AL24=0,$AM$1&$AF$1&AM24&$AF$1&$AJ$1,AK24&$AF$1&AL24&$AF$1&$AJ$1&$AM$1&$AF$1&AM24&$AF$1&$AJ$1)) -> 301001|20|;400023|6300|; | AK24: =OFFSET([1]item_type!$A$1,MATCH(Q24,[1]item_type!$G:$G,0)-1,0) -> 301001 | AL24: 20 | AM24: =IF(B24=B25,OFFSET(卡牌辅助配置表!$AE$1,MATCH(AB24,卡牌辅助配置表!AB:AB,0),0),0) -> 6300 | AN24: =IF(B24=B25,A24+1,0) -> 1001020 | AP24: =IF(AC24=0,0,IF(AC24=12,0,OFFSET(effect!$N$1,MATCH(K24,effect!M:M,0)-1,0))) -> 0
A25: =Q25*1000+N25 -> 1001020 | B25: 红玉指 | C25: 1 | D25: 6 | E25: 造成%d点%s拳法伤害 | G25: -3 | H25: =IF(R25=0,Y25,0) -> 0 | J25: =OFFSET(card_type!$F$1,MATCH(Q25,card_type!A:A,0)-1,0) -> 1 | K25: =OFFSET(card_type!$G$1,MATCH(Q25,card_type!A:A,0)-1,0) -> 1 | L25: 1 | M25: 1 | N25: =IF(B24=B25,N24+1,1) -> 20 | Q25: =OFFSET(card_type!$A$1,MATCH(card!B25,card_type!B:B,0)-1,0) -> 1001 | R25: 1 | S25: =ROUND(IF(R25=0,0,IF(R25=1,X25*$S$1,IF(R25=2,X25*$S$1*buff的资质计算!$E$2,IF(R25=3,X25*$S$1*buff的资质计算!$E$3,0)))),0)*0 -> 0 | T25: 1 | U25: =J25*10+K25 -> 11 | V25: =ROUND((OFFSET(卡牌辅助配置表!$O$1,MATCH(U25,卡牌辅助配置表!M:M,0)-1,0)+(N25-1)*OFFSET(卡牌辅助配置表!$P$1,MATCH(U25,卡牌辅助配置表!M:M,0)-1,0))*M25,2) -> 10.24 | W25: =ROUND(IF(R25=0,0,IF(R25=1,X25*$W$1,IF(R25=2,X25*$W$1*buff的资质计算!$E$2,IF(R25=3,X25*$W$1*buff的资质计算!$E$3,0)))),2) -> 3.45 | X25: =M25*($M$1+(J25-1)*$J$1+(K25-1)*$K$1)+G25+$J$1*(N25-1)/$N$1 -> 11.5 | Y25: =X25+H25 -> 11.5 | Z25: =Y25/M25 -> 11.5 | AA25: =OFFSET(卡牌辅助配置表!$AD$1,MATCH(AB25,卡牌辅助配置表!AB:AB,0)-1,0) -> 450 | AB25: =J25*1000+K25*100+N25 -> 1120 | AF25: =((Q25*1000+1)*10+1)&$AF$1 -> 10010011| | AJ25: =IF(AN25=0,0,IF(AL25=0,$AM$1&$AF$1&AM25&$AF$1&$AJ$1,AK25&$AF$1&AL25&$AF$1&$AJ$1&$AM$1&$AF$1&AM25&$AF$1&$AJ$1)) -> 400023|7100|; | AK25: =OFFSET([1]item_type!$A$1,MATCH(Q25,[1]item_type!$G:$G,0)-1,0) -> 301001 | AM25: =IF(B25=B26,OFFSET(卡牌辅助配置表!$AE$1,MATCH(AB25,卡牌辅助配置表!AB:AB,0),0),0) -> 7100 | AN25: =IF(B25=B26,A25+1,0) -> 1001021 | AP25: =IF(AC25=0,0,IF(AC25=12,0,OFFSET(effect!$N$1,MATCH(K25,effect!M:M,0)-1,0))) -> 0
A26: =Q26*1000+N26 -> 1001021 | B26: 红玉指 | C26: 1 | D26: 6 | E26: 造成%d点%s拳法伤害 | G26: -3 | H26: =IF(R26=0,Y26,0) -> 0 | J26: =OFFSET(card_type!$F$1,MATCH(Q26,card_type!A:A,0)-1,0) -> 1 | K26: =OFFSET(card_type!$G$1,MATCH(Q26,card_type!A:A,0)-1,0) -> 1 | L26: 1 | M26: 1 | N26: =IF(B25=B26,N25+1,1) -> 21 | Q26: =OFFSET(card_type!$A$1,MATCH(card!B26,card_type!B:B,0)-1,0) -> 1001 | R26: 1 | S26: =ROUND(IF(R26=0,0,IF(R26=1,X26*$S$1,IF(R26=2,X26*$S$1*buff的资质计算!$E$2,IF(R26=3,X26*$S$1*buff的资质计算!$E$3,0)))),0)*0 -> 0 | T26: 1 | U26: =J26*10+K26 -> 11 | V26: =ROUND((OFFSET(卡牌辅助配置表!$O$1,MATCH(U26,卡牌辅助配置表!M:M,0)-1,0)+(N26-1)*OFFSET(卡牌辅助配置表!$P$1,MATCH(U26,卡牌辅助配置表!M:M,0)-1,0))*M26,2) -> 10.45 | W26: =ROUND(IF(R26=0,0,IF(R26=1,X26*$W$1,IF(R26=2,X26*$W$1*buff的资质计算!$E$2,IF(R26=3,X26*$W$1*buff的资质计算!$E$3,0)))),2) -> 3.6 | X26: =M26*($M$1+(J26-1)*$J$1+(K26-1)*$K$1)+G26+$J$1*(N26-1)/$N$1 -> 12 | Y26: =X26+H26 -> 12 | Z26: =Y26/M26 -> 12 | AA26: =OFFSET(卡牌辅助配置表!$AD$1,MATCH(AB26,卡牌辅助配置表!AB:AB,0)-1,0) -> 486 | AB26: =J26*1000+K26*100+N26 -> 1121 | AF26: =((Q26*1000+1)*10+1)&$AF$1 -> 10010011| | AJ26: =IF(AN26=0,0,IF(AL26=0,$AM$1&$AF$1&AM26&$AF$1&$AJ$1,AK26&$AF$1&AL26&$AF$1&$AJ$1&$AM$1&$AF$1&AM26&$AF$1&$AJ$1)) -> 400023|7900|; | AK26: =OFFSET([1]item_type!$A$1,MATCH(Q26,[1]item_type!$G:$G,0)-1,0) -> 301001 | AM26: =IF(B26=B27,OFFSET(卡牌辅助配置表!$AE$1,MATCH(AB26,卡牌辅助配置表!AB:AB,0),0),0) -> 7900 | AN26: =IF(B26=B27,A26+1,0) -> 1001022 | AP26: =IF(AC26=0,0,IF(AC26=12,0,OFFSET(effect!$N$1,MATCH(K26,effect!M:M,0)-1,0))) -> 0
A27: =Q27*1000+N27 -> 1001022 | B27: 红玉指 | C27: 1 | D27: 6 | E27: 造成%d点%s拳法伤害 | G27: -3 | H27: =IF(R27=0,Y27,0) -> 0 | J27: =OFFSET(card_type!$F$1,MATCH(Q27,card_type!A:A,0)-1,0) -> 1 | K27: =OFFSET(card_type!$G$1,MATCH(Q27,card_type!A:A,0)-1,0) -> 1 | L27: 1 | M27: 1 | N27: =IF(B26=B27,N26+1,1) -> 22 | Q27: =OFFSET(card_type!$A$1,MATCH(card!B27,card_type!B:B,0)-1,0) -> 1001 | R27: 1 | S27: =ROUND(IF(R27=0,0,IF(R27=1,X27*$S$1,IF(R27=2,X27*$S$1*buff的资质计算!$E$2,IF(R27=3,X27*$S$1*buff的资质计算!$E$3,0)))),0)*0 -> 0 | T27: 1 | U27: =J27*10+K27 -> 11 | V27: =ROUND((OFFSET(卡牌辅助配置表!$O$1,MATCH(U27,卡牌辅助配置表!M:M,0)-1,0)+(N27-1)*OFFSET(卡牌辅助配置表!$P$1,MATCH(U27,卡牌辅助配置表!M:M,0)-1,0))*M27,2) -> 10.66 | W27: =ROUND(IF(R27=0,0,IF(R27=1,X27*$W$1,IF(R27=2,X27*$W$1*buff的资质计算!$E$2,IF(R27=3,X27*$W$1*buff的资质计算!$E$3,0)))),2) -> 3.75 | X27: =M27*($M$1+(J27-1)*$J$1+(K27-1)*$K$1)+G27+$J$1*(N27-1)/$N$1 -> 12.5 | Y27: =X27+H27 -> 12.5 | Z27: =Y27/M27 -> 12.5 | AA27: =OFFSET(卡牌辅助配置表!$AD$1,MATCH(AB27,卡牌辅助配置表!AB:AB,0)-1,0) -> 522 | AB27: =J27*1000+K27*100+N27 -> 1122 | AF27: =((Q27*1000+1)*10+1)&$AF$1 -> 10010011| | AJ27: =IF(AN27=0,0,IF(AL27=0,$AM$1&$AF$1&AM27&$AF$1&$AJ$1,AK27&$AF$1&AL27&$AF$1&$AJ$1&$AM$1&$AF$1&AM27&$AF$1&$AJ$1)) -> 400023|8700|; | AK27: =OFFSET([1]item_type!$A$1,MATCH(Q27,[1]item_type!$G:$G,0)-1,0) -> 301001 | AM27: =IF(B27=B28,OFFSET(卡牌辅助配置表!$AE$1,MATCH(AB27,卡牌辅助配置表!AB:AB,0),0),0) -> 8700 | AN27: =IF(B27=B28,A27+1,0) -> 1001023 | AP27: =IF(AC27=0,0,IF(AC27=12,0,OFFSET(effect!$N$1,MATCH(K27,effect!M:M,0)-1,0))) -> 0
A28: =Q28*1000+N28 -> 1001023 | B28: 红玉指 | C28: 1 | D28: 6 | E28: 造成%d点%s拳法伤害 | G28: -3 | H28: =IF(R28=0,Y28,0) -> 0 | J28: =OFFSET(card_type!$F$1,MATCH(Q28,card_type!A:A,0)-1,0) -> 1 | K28: =OFFSET(card_type!$G$1,MATCH(Q28,card_type!A:A,0)-1,0) -> 1 | L28: 1 | M28: 1 | N28: =IF(B27=B28,N27+1,1) -> 23 | Q28: =OFFSET(card_type!$A$1,MATCH(card!B28,card_type!B:B,0)-1,0) -> 1001 | R28: 1 | S28: =ROUND(IF(R28=0,0,IF(R28=1,X28*$S$1,IF(R28=2,X28*$S$1*buff的资质计算!$E$2,IF(R28=3,X28*$S$1*buff的资质计算!$E$3,0)))),0)*0 -> 0 | T28: 1 | U28: =J28*10+K28 -> 11 | V28: =ROUND((OFFSET(卡牌辅助配置表!$O$1,MATCH(U28,卡牌辅助配置表!M:M,0)-1,0)+(N28-1)*OFFSET(卡牌辅助配置表!$P$1,MATCH(U28,卡牌辅助配置表!M:M,0)-1,0))*M28,2) -> 10.87 | W28: =ROUND(IF(R28=0,0,IF(R28=1,X28*$W$1,IF(R28=2,X28*$W$1*buff的资质计算!$E$2,IF(R28=3,X28*$W$1*buff的资质计算!$E$3,0)))),2) -> 3.9 | X28: =M28*($M$1+(J28-1)*$J$1+(K28-1)*$K$1)+G28+$J$1*(N28-1)/$N$1 -> 13 | Y28: =X28+H28 -> 13 | Z28: =Y28/M28 -> 13 | AA28: =OFFSET(卡牌辅助配置表!$AD$1,MATCH(AB28,卡牌辅助配置表!AB:AB,0)-1,0) -> 558 | AB28: =J28*1000+K28*100+N28 -> 1123 | AF28: =((Q28*1000+1)*10+1)&$AF$1 -> 10010011| | AJ28: =IF(AN28=0,0,IF(AL28=0,$AM$1&$AF$1&AM28&$AF$1&$AJ$1,AK28&$AF$1&AL28&$AF$1&$AJ$1&$AM$1&$AF$1&AM28&$AF$1&$AJ$1)) -> 400023|9500|; | AK28: =OFFSET([1]item_type!$A$1,MATCH(Q28,[1]item_type!$G:$G,0)-1,0) -> 301001 | AM28: =IF(B28=B29,OFFSET(卡牌辅助配置表!$AE$1,MATCH(AB28,卡牌辅助配置表!AB:AB,0),0),0) -> 9500 | AN28: =IF(B28=B29,A28+1,0) -> 1001024 | AP28: =IF(AC28=0,0,IF(AC28=12,0,OFFSET(effect!$N$1,MATCH(K28,effect!M:M,0)-1,0))) -> 0
A29: =Q29*1000+N29 -> 1001024 | B29: 红玉指 | C29: 1 | D29: 6 | E29: 造成%d点%s拳法伤害 | G29: -3 | H29: =IF(R29=0,Y29,0) -> 0 | J29: =OFFSET(card_type!$F$1,MATCH(Q29,card_type!A:A,0)-1,0) -> 1 | K29: =OFFSET(card_type!$G$1,MATCH(Q29,card_type!A:A,0)-1,0) -> 1 | L29: 1 | M29: 1 | N29: =IF(B28=B29,N28+1,1) -> 24 | Q29: =OFFSET(card_type!$A$1,MATCH(card!B29,card_type!B:B,0)-1,0) -> 1001 | R29: 1 | S29: =ROUND(IF(R29=0,0,IF(R29=1,X29*$S$1,IF(R29=2,X29*$S$1*buff的资质计算!$E$2,IF(R29=3,X29*$S$1*buff的资质计算!$E$3,0)))),0)*0 -> 0 | T29: 1 | U29: =J29*10+K29 -> 11 | V29: =ROUND((OFFSET(卡牌辅助配置表!$O$1,MATCH(U29,卡牌辅助配置表!M:M,0)-1,0)+(N29-1)*OFFSET(卡牌辅助配置表!$P$1,MATCH(U29,卡牌辅助配置表!M:M,0)-1,0))*M29,2) -> 11.08 | W29: =ROUND(IF(R29=0,0,IF(R29=1,X29*$W$1,IF(R29=2,X29*$W$1*buff的资质计算!$E$2,IF(R29=3,X29*$W$1*buff的资质计算!$E$3,0)))),2) -> 4.05 | X29: =M29*($M$1+(J29-1)*$J$1+(K29-1)*$K$1)+G29+$J$1*(N29-1)/$N$1 -> 13.5 | Y29: =X29+H29 -> 13.5 | Z29: =Y29/M29 -> 13.5 | AA29: =OFFSET(卡牌辅助配置表!$AD$1,MATCH(AB29,卡牌辅助配置表!AB:AB,0)-1,0) -> 594 | AB29: =J29*1000+K29*100+N29 -> 1124 | AF29: =((Q29*1000+1)*10+1)&$AF$1 -> 10010011| | AJ29: =IF(AN29=0,0,IF(AL29=0,$AM$1&$AF$1&AM29&$AF$1&$AJ$1,AK29&$AF$1&AL29&$AF$1&$AJ$1&$AM$1&$AF$1&AM29&$AF$1&$AJ$1)) -> 400023|10300|; | AK29: =OFFSET([1]item_type!$A$1,MATCH(Q29,[1]item_type!$G:$G,0)-1,0) -> 301001 | AM29: =IF(B29=B30,OFFSET(卡牌辅助配置表!$AE$1,MATCH(AB29,卡牌辅助配置表!AB:AB,0),0),0) -> 10300 | AN29: =IF(B29=B30,A29+1,0) -> 1001025 | AP29: =IF(AC29=0,0,IF(AC29=12,0,OFFSET(effect!$N$1,MATCH(K29,effect!M:M,0)-1,0))) -> 0
A30: =Q30*1000+N30 -> 1001025 | B30: 红玉指 | C30: 1 | D30: 6 | E30: 造成%d点%s拳法伤害 | G30: -3 | H30: =IF(R30=0,Y30,0) -> 0 | J30: =OFFSET(card_type!$F$1,MATCH(Q30,card_type!A:A,0)-1,0) -> 1 | K30: =OFFSET(card_type!$G$1,MATCH(Q30,card_type!A:A,0)-1,0) -> 1 | L30: 1 | M30: 1 | N30: =IF(B29=B30,N29+1,1) -> 25 | Q30: =OFFSET(card_type!$A$1,MATCH(card!B30,card_type!B:B,0)-1,0) -> 1001 | R30: 1 | S30: =ROUND(IF(R30=0,0,IF(R30=1,X30*$S$1,IF(R30=2,X30*$S$1*buff的资质计算!$E$2,IF(R30=3,X30*$S$1*buff的资质计算!$E$3,0)))),0)*0 -> 0 | T30: 1 | U30: =J30*10+K30 -> 11 | V30: =ROUND((OFFSET(卡牌辅助配置表!$O$1,MATCH(U30,卡牌辅助配置表!M:M,0)-1,0)+(N30-1)*OFFSET(卡牌辅助配置表!$P$1,MATCH(U30,卡牌辅助配置表!M:M,0)-1,0))*M30,2) -> 11.29 | W30: =ROUND(IF(R30=0,0,IF(R30=1,X30*$W$1,IF(R30=2,X30*$W$1*buff的资质计算!$E$2,IF(R30=3,X30*$W$1*buff的资质计算!$E$3,0)))),2) -> 4.2 | X30: =M30*($M$1+(J30-1)*$J$1+(K30-1)*$K$1)+G30+$J$1*(N30-1)/$N$1 -> 14 | Y30: =X30+H30 -> 14 | Z30: =Y30/M30 -> 14 | AA30: =OFFSET(卡牌辅助配置表!$AD$1,MATCH(AB30,卡牌辅助配置表!AB:AB,0)-1,0) -> 630 | AB30: =J30*1000+K30*100+N30 -> 1125 | AF30: =((Q30*1000+1)*10+1)&$AF$1 -> 10010011| | AJ30: =IF(AN30=0,0,IF(AL30=0,$AM$1&$AF$1&AM30&$AF$1&$AJ$1,AK30&$AF$1&AL30&$AF$1&$AJ$1&$AM$1&$AF$1&AM30&$AF$1&$AJ$1)) -> 400023|11100|; | AK30: =OFFSET([1]item_type!$A$1,MATCH(Q30,[1]item_type!$G:$G,0)-1,0) -> 301001 | AM30: =IF(B30=B31,OFFSET(卡牌辅助配置表!$AE$1,MATCH(AB30,卡牌辅助配置表!AB:AB,0),0),0) -> 11100 | AN30: =IF(B30=B31,A30+1,0) -> 1001026 | AP30: =IF(AC30=0,0,IF(AC30=12,0,OFFSET(effect!$N$1,MATCH(K30,effect!M:M,0)-1,0))) -> 0
A31: =Q31*1000+N31 -> 1001026 | B31: 红玉指 | C31: 1 | D31: 6 | E31: 造成%d点%s拳法伤害 | G31: -3 | H31: =IF(R31=0,Y31,0) -> 0 | J31: =OFFSET(card_type!$F$1,MATCH(Q31,card_type!A:A,0)-1,0) -> 1 | K31: =OFFSET(card_type!$G$1,MATCH(Q31,card_type!A:A,0)-1,0) -> 1 | L31: 1 | M31: 1 | N31: =IF(B30=B31,N30+1,1) -> 26 | Q31: =OFFSET(card_type!$A$1,MATCH(card!B31,card_type!B:B,0)-1,0) -> 1001 | R31: 1 | S31: =ROUND(IF(R31=0,0,IF(R31=1,X31*$S$1,IF(R31=2,X31*$S$1*buff的资质计算!$E$2,IF(R31=3,X31*$S$1*buff的资质计算!$E$3,0)))),0)*0 -> 0 | T31: 1 | U31: =J31*10+K31 -> 11 | V31: =ROUND((OFFSET(卡牌辅助配置表!$O$1,MATCH(U31,卡牌辅助配置表!M:M,0)-1,0)+(N31-1)*OFFSET(卡牌辅助配置表!$P$1,MATCH(U31,卡牌辅助配置表!M:M,0)-1,0))*M31,2) -> 11.5 | W31: =ROUND(IF(R31=0,0,IF(R31=1,X31*$W$1,IF(R31=2,X31*$W$1*buff的资质计算!$E$2,IF(R31=3,X31*$W$1*buff的资质计算!$E$3,0)))),2) -> 4.35 | X31: =M31*($M$1+(J31-1)*$J$1+(K31-1)*$K$1)+G31+$J$1*(N31-1)/$N$1 -> 14.5 | Y31: =X31+H31 -> 14.5 | Z31: =Y31/M31 -> 14.5 | AA31: =OFFSET(卡牌辅助配置表!$AD$1,MATCH(AB31,卡牌辅助配置表!AB:AB,0)-1,0) -> 666 | AB31: =J31*1000+K31*100+N31 -> 1126 | AF31: =((Q31*1000+1)*10+1)&$AF$1 -> 10010011| | AJ31: =IF(AN31=0,0,IF(AL31=0,$AM$1&$AF$1&AM31&$AF$1&$AJ$1,AK31&$AF$1&AL31&$AF$1&$AJ$1&$AM$1&$AF$1&AM31&$AF$1&$AJ$1)) -> 400023|11900|; | AK31: =OFFSET([1]item_type!$A$1,MATCH(Q31,[1]item_type!$G:$G,0)-1,0) -> 301001 | AM31: =IF(B31=B32,OFFSET(卡牌辅助配置表!$AE$1,MATCH(AB31,卡牌辅助配置表!AB:AB,0),0),0) -> 11900 | AN31: =IF(B31=B32,A31+1,0) -> 1001027 | AP31: =IF(AC31=0,0,IF(AC31=12,0,OFFSET(effect!$N$1,MATCH(K31,effect!M:M,0)-1,0))) -> 0
A32: =Q32*1000+N32 -> 1001027 | B32: 红玉指 | C32: 1 | D32: 6 | E32: 造成%d点%s拳法伤害 | G32: -3 | H32: =IF(R32=0,Y32,0) -> 0 | J32: =OFFSET(card_type!$F$1,MATCH(Q32,card_type!A:A,0)-1,0) -> 1 | K32: =OFFSET(card_type!$G$1,MATCH(Q32,card_type!A:A,0)-1,0) -> 1 | L32: 1 | M32: 1 | N32: =IF(B31=B32,N31+1,1) -> 27 | Q32: =OFFSET(card_type!$A$1,MATCH(card!B32,card_type!B:B,0)-1,0) -> 1001 | R32: 1 | S32: =ROUND(IF(R32=0,0,IF(R32=1,X32*$S$1,IF(R32=2,X32*$S$1*buff的资质计算!$E$2,IF(R32=3,X32*$S$1*buff的资质计算!$E$3,0)))),0)*0 -> 0 | T32: 1 | U32: =J32*10+K32 -> 11 | V32: =ROUND((OFFSET(卡牌辅助配置表!$O$1,MATCH(U32,卡牌辅助配置表!M:M,0)-1,0)+(N32-1)*OFFSET(卡牌辅助配置表!$P$1,MATCH(U32,卡牌辅助配置表!M:M,0)-1,0))*M32,2) -> 11.7 | W32: =ROUND(IF(R32=0,0,IF(R32=1,X32*$W$1,IF(R32=2,X32*$W$1*buff的资质计算!$E$2,IF(R32=3,X32*$W$1*buff的资质计算!$E$3,0)))),2) -> 4.5 | X32: =M32*($M$1+(J32-1)*$J$1+(K32-1)*$K$1)+G32+$J$1*(N32-1)/$N$1 -> 15 | Y32: =X32+H32 -> 15 | Z32: =Y32/M32 -> 15 | AA32: =OFFSET(卡牌辅助配置表!$AD$1,MATCH(AB32,卡牌辅助配置表!AB:AB,0)-1,0) -> 702 | AB32: =J32*1000+K32*100+N32 -> 1127 | AF32: =((Q32*1000+1)*10+1)&$AF$1 -> 10010011| | AJ32: =IF(AN32=0,0,IF(AL32=0,$AM$1&$AF$1&AM32&$AF$1&$AJ$1,AK32&$AF$1&AL32&$AF$1&$AJ$1&$AM$1&$AF$1&AM32&$AF$1&$AJ$1)) -> 400023|12700|; | AK32: =OFFSET([1]item_type!$A$1,MATCH(Q32,[1]item_type!$G:$G,0)-1,0) -> 301001 | AM32: =IF(B32=B33,OFFSET(卡牌辅助配置表!$AE$1,MATCH(AB32,卡牌辅助配置表!AB:AB,0),0),0) -> 12700 | AN32: =IF(B32=B33,A32+1,0) -> 1001028 | AP32: =IF(AC32=0,0,IF(AC32=12,0,OFFSET(effect!$N$1,MATCH(K32,effect!M:M,0)-1,0))) -> 0
A33: =Q33*1000+N33 -> 1001028 | B33: 红玉指 | C33: 1 | D33: 6 | E33: 造成%d点%s拳法伤害 | G33: -3 | H33: =IF(R33=0,Y33,0) -> 0 | J33: =OFFSET(card_type!$F$1,MATCH(Q33,card_type!A:A,0)-1,0) -> 1 | K33: =OFFSET(card_type!$G$1,MATCH(Q33,card_type!A:A,0)-1,0) -> 1 | L33: 1 | M33: 1 | N33: =IF(B32=B33,N32+1,1) -> 28 | Q33: =OFFSET(card_type!$A$1,MATCH(card!B33,card_type!B:B,0)-1,0) -> 1001 | R33: 1 | S33: =ROUND(IF(R33=0,0,IF(R33=1,X33*$S$1,IF(R33=2,X33*$S$1*buff的资质计算!$E$2,IF(R33=3,X33*$S$1*buff的资质计算!$E$3,0)))),0)*0 -> 0 | T33: 1 | U33: =J33*10+K33 -> 11 | V33: =ROUND((OFFSET(卡牌辅助配置表!$O$1,MATCH(U33,卡牌辅助配置表!M:M,0)-1,0)+(N33-1)*OFFSET(卡牌辅助配置表!$P$1,MATCH(U33,卡牌辅助配置表!M:M,0)-1,0))*M33,2) -> 11.91 | W33: =ROUND(IF(R33=0,0,IF(R33=1,X33*$W$1,IF(R33=2,X33*$W$1*buff的资质计算!$E$2,IF(R33=3,X33*$W$1*buff的资质计算!$E$3,0)))),2) -> 4.65 | X33: =M33*($M$1+(J33-1)*$J$1+(K33-1)*$K$1)+G33+$J$1*(N33-1)/$N$1 -> 15.5 | Y33: =X33+H33 -> 15.5 | Z33: =Y33/M33 -> 15.5 | AA33: =OFFSET(卡牌辅助配置表!$AD$1,MATCH(AB33,卡牌辅助配置表!AB:AB,0)-1,0) -> 738 | AB33: =J33*1000+K33*100+N33 -> 1128 | AF33: =((Q33*1000+1)*10+1)&$AF$1 -> 10010011| | AJ33: =IF(AN33=0,0,IF(AL33=0,$AM$1&$AF$1&AM33&$AF$1&$AJ$1,AK33&$AF$1&AL33&$AF$1&$AJ$1&$AM$1&$AF$1&AM33&$AF$1&$AJ$1)) -> 400023|13500|; | AK33: =OFFSET([1]item_type!$A$1,MATCH(Q33,[1]item_type!$G:$G,0)-1,0) -> 301001 | AM33: =IF(B33=B34,OFFSET(卡牌辅助配置表!$AE$1,MATCH(AB33,卡牌辅助配置表!AB:AB,0),0),0) -> 13500 | AN33: =IF(B33=B34,A33+1,0) -> 1001029 | AP33: =IF(AC33=0,0,IF(AC33=12,0,OFFSET(effect!$N$1,MATCH(K33,effect!M:M,0)-1,0))) -> 0
A34: =Q34*1000+N34 -> 1001029 | B34: 红玉指 | C34: 1 | D34: 6 | E34: 造成%d点%s拳法伤害 | G34: -3 | H34: =IF(R34=0,Y34,0) -> 0 | J34: =OFFSET(card_type!$F$1,MATCH(Q34,card_type!A:A,0)-1,0) -> 1 | K34: =OFFSET(card_type!$G$1,MATCH(Q34,card_type!A:A,0)-1,0) -> 1 | L34: 1 | M34: 1 | N34: =IF(B33=B34,N33+1,1) -> 29 | Q34: =OFFSET(card_type!$A$1,MATCH(card!B34,card_type!B:B,0)-1,0) -> 1001 | R34: 1 | S34: =ROUND(IF(R34=0,0,IF(R34=1,X34*$S$1,IF(R34=2,X34*$S$1*buff的资质计算!$E$2,IF(R34=3,X34*$S$1*buff的资质计算!$E$3,0)))),0)*0 -> 0 | T34: 1 | U34: =J34*10+K34 -> 11 | V34: =ROUND((OFFSET(卡牌辅助配置表!$O$1,MATCH(U34,卡牌辅助配置表!M:M,0)-1,0)+(N34-1)*OFFSET(卡牌辅助配置表!$P$1,MATCH(U34,卡牌辅助配置表!M:M,0)-1,0))*M34,2) -> 12.12 | W34: =ROUND(IF(R34=0,0,IF(R34=1,X34*$W$1,IF(R34=2,X34*$W$1*buff的资质计算!$E$2,IF(R34=3,X34*$W$1*buff的资质计算!$E$3,0)))),2) -> 4.8 | X34: =M34*($M$1+(J34-1)*$J$1+(K34-1)*$K$1)+G34+$J$1*(N34-1)/$N$1 -> 16 | Y34: =X34+H34 -> 16 | Z34: =Y34/M34 -> 16 | AA34: =OFFSET(卡牌辅助配置表!$AD$1,MATCH(AB34,卡牌辅助配置表!AB:AB,0)-1,0) -> 774 | AB34: =J34*1000+K34*100+N34 -> 1129 | AF34: =((Q34*1000+1)*10+1)&$AF$1 -> 10010011| | AJ34: =IF(AN34=0,0,IF(AL34=0,$AM$1&$AF$1&AM34&$AF$1&$AJ$1,AK34&$AF$1&AL34&$AF$1&$AJ$1&$AM$1&$AF$1&AM34&$AF$1&$AJ$1)) -> 301001|30|;400023|14300|; | AK34: =OFFSET([1]item_type!$A$1,MATCH(Q34,[1]item_type!$G:$G,0)-1,0) -> 301001 | AL34: 30 | AM34: =IF(B34=B35,OFFSET(卡牌辅助配置表!$AE$1,MATCH(AB34,卡牌辅助配置表!AB:AB,0),0),0) -> 14300 | AN34: =IF(B34=B35,A34+1,0) -> 1001030 | AP34: =IF(AC34=0,0,IF(AC34=12,0,OFFSET(effect!$N$1,MATCH(K34,effect!M:M,0)-1,0))) -> 0
A35: =Q35*1000+N35 -> 1001030 | B35: 红玉指 | C35: 1 | D35: 6 | E35: 造成%d点%s拳法伤害 | G35: -3 | H35: =IF(R35=0,Y35,0) -> 0 | J35: =OFFSET(card_type!$F$1,MATCH(Q35,card_type!A:A,0)-1,0) -> 1 | K35: =OFFSET(card_type!$G$1,MATCH(Q35,card_type!A:A,0)-1,0) -> 1 | L35: 1 | M35: 1 | N35: =IF(B34=B35,N34+1,1) -> 30 | Q35: =OFFSET(card_type!$A$1,MATCH(card!B35,card_type!B:B,0)-1,0) -> 1001 | R35: 1 | S35: =ROUND(IF(R35=0,0,IF(R35=1,X35*$S$1,IF(R35=2,X35*$S$1*buff的资质计算!$E$2,IF(R35=3,X35*$S$1*buff的资质计算!$E$3,0)))),0)*0 -> 0 | T35: 1 | U35: =J35*10+K35 -> 11 | V35: =ROUND((OFFSET(卡牌辅助配置表!$O$1,MATCH(U35,卡牌辅助配置表!M:M,0)-1,0)+(N35-1)*OFFSET(卡牌辅助配置表!$P$1,MATCH(U35,卡牌辅助配置表!M:M,0)-1,0))*M35,2) -> 12.33 | W35: =ROUND(IF(R35=0,0,IF(R35=1,X35*$W$1,IF(R35=2,X35*$W$1*buff的资质计算!$E$2,IF(R35=3,X35*$W$1*buff的资质计算!$E$3,0)))),2) -> 4.95 | X35: =M35*($M$1+(J35-1)*$J$1+(K35-1)*$K$1)+G35+$J$1*(N35-1)/$N$1 -> 16.5 | Y35: =X35+H35 -> 16.5 | Z35: =Y35/M35 -> 16.5 | AA35: =OFFSET(卡牌辅助配置表!$AD$1,MATCH(AB35,卡牌辅助配置表!AB:AB,0)-1,0) -> 810 | AB35: =J35*1000+K35*100+N35 -> 1130 | AF35: =((Q35*1000+1)*10+1)&$AF$1 -> 10010011| | AJ35: =IF(AN35=0,0,IF(AL35=0,$AM$1&$AF$1&AM35&$AF$1&$AJ$1,AK35&$AF$1&AL35&$AF$1&$AJ$1&$AM$1&$AF$1&AM35&$AF$1&$AJ$1)) -> 0 | AK35: =OFFSET([1]item_type!$A$1,MATCH(Q35,[1]item_type!$G:$G,0)-1,0) -> 301001 | AM35: =IF(B35=B36,OFFSET(卡牌辅助配置表!$AE$1,MATCH(AB35,卡牌辅助配置表!AB:AB,0),0),0) -> 0 | AN35: =IF(B35=B36,A35+1,0) -> 0 | AP35: =IF(AC35=0,0,IF(AC35=12,0,OFFSET(effect!$N$1,MATCH(K35,effect!M:M,0)-1,0))) -> 0
A36: =Q36*1000+N36 -> 1002001 | B36: 白龙掌 | C36: 1 | D36: 6 | E36: 造成%d点%s拳法伤害 | G36: -3 | H36: =IF(R36=0,Y36,0) -> 0 | J36: =OFFSET(card_type!$F$1,MATCH(Q36,card_type!A:A,0)-1,0) -> 1 | K36: =OFFSET(card_type!$G$1,MATCH(Q36,card_type!A:A,0)-1,0) -> 1 | L36: 1 | M36: 1 | N36: =IF(B35=B36,N35+1,1) -> 1 | Q36: =OFFSET(card_type!$A$1,MATCH(card!B36,card_type!B:B,0)-1,0) -> 1002 | R36: 1 | S36: =ROUND(IF(R36=0,0,IF(R36=1,X36*$S$1,IF(R36=2,X36*$S$1*buff的资质计算!$E$2,IF(R36=3,X36*$S$1*buff的资质计算!$E$3,0)))),0)*0 -> 0 | T36: 1 | U36: =J36*10+K36 -> 11 | V36: =ROUND((OFFSET(卡牌辅助配置表!$O$1,MATCH(U36,卡牌辅助配置表!M:M,0)-1,0)+(N36-1)*OFFSET(卡牌辅助配置表!$P$1,MATCH(U36,卡牌辅助配置表!M:M,0)-1,0))*M36,2) -> 6.27 | W36: =ROUND(IF(R36=0,0,IF(R36=1,X36*$W$1,IF(R36=2,X36*$W$1*buff的资质计算!$E$2,IF(R36=3,X36*$W$1*buff的资质计算!$E$3,0)))),2) -> 0.6 | X36: =M36*($M$1+(J36-1)*$J$1+(K36-1)*$K$1)+G36+$J$1*(N36-1)/$N$1 -> 2 | Y36: =X36+H36 -> 2 | Z36: =Y36/M36 -> 2 | AA36: =OFFSET(卡牌辅助配置表!$AD$1,MATCH(AB36,卡牌辅助配置表!AB:AB,0)-1,0) -> 18 | AB36: =J36*1000+K36*100+N36 -> 1101 | AF36: =((Q36*1000+1)*10+1)&$AF$1 -> 10020011| | AJ36: =IF(AN36=0,0,IF(AL36=0,$AM$1&$AF$1&AM36&$AF$1&$AJ$1,AK36&$AF$1&AL36&$AF$1&$AJ$1&$AM$1&$AF$1&AM36&$AF$1&$AJ$1)) -> 400023|700|; | AK36: =OFFSET([1]item_type!$A$1,MATCH(Q36,[1]item_type!$G:$G,0)-1,0) -> 301002 | AM36: =IF(B36=B37,OFFSET(卡牌辅助配置表!$AE$1,MATCH(AB36,卡牌辅助配置表!AB:AB,0),0),0) -> 700 | AN36: =IF(B36=B37,A36+1,0) -> 1002002 | AP36: =IF(AC36=0,0,IF(AC36=12,0,OFFSET(effect!$N$1,MATCH(K36,effect!M:M,0)-1,0))) -> 0
A37: =Q37*1000+N37 -> 1002002 | B37: 白龙掌 | C37: 1 | D37: 6 | E37: 造成%d点%s拳法伤害 | G37: -3 | H37: =IF(R37=0,Y37,0) -> 0 | J37: =OFFSET(card_type!$F$1,MATCH(Q37,card_type!A:A,0)-1,0) -> 1 | K37: =OFFSET(card_type!$G$1,MATCH(Q37,card_type!A:A,0)-1,0) -> 1 | L37: 1 | M37: 1 | N37: =IF(B36=B37,N36+1,1) -> 2 | Q37: =OFFSET(card_type!$A$1,MATCH(card!B37,card_type!B:B,0)-1,0) -> 1002 | R37: 1 | S37: =ROUND(IF(R37=0,0,IF(R37=1,X37*$S$1,IF(R37=2,X37*$S$1*buff的资质计算!$E$2,IF(R37=3,X37*$S$1*buff的资质计算!$E$3,0)))),0)*0 -> 0 | T37: 1 | U37: =J37*10+K37 -> 11 | V37: =ROUND((OFFSET(卡牌辅助配置表!$O$1,MATCH(U37,卡牌辅助配置表!M:M,0)-1,0)+(N37-1)*OFFSET(卡牌辅助配置表!$P$1,MATCH(U37,卡牌辅助配置表!M:M,0)-1,0))*M37,2) -> 6.48 | W37: =ROUND(IF(R37=0,0,IF(R37=1,X37*$W$1,IF(R37=2,X37*$W$1*buff的资质计算!$E$2,IF(R37=3,X37*$W$1*buff的资质计算!$E$3,0)))),2) -> 0.75 | X37: =M37*($M$1+(J37-1)*$J$1+(K37-1)*$K$1)+G37+$J$1*(N37-1)/$N$1 -> 2.5 | Y37: =X37+H37 -> 2.5 | Z37: =Y37/M37 -> 2.5 | AA37: =OFFSET(卡牌辅助配置表!$AD$1,MATCH(AB37,卡牌辅助配置表!AB:AB,0)-1,0) -> 36 | AB37: =J37*1000+K37*100+N37 -> 1102 | AF37: =((Q37*1000+1)*10+1)&$AF$1 -> 10020011| | AJ37: =IF(AN37=0,0,IF(AL37=0,$AM$1&$AF$1&AM37&$AF$1&$AJ$1,AK37&$AF$1&AL37&$AF$1&$AJ$1&$AM$1&$AF$1&AM37&$AF$1&$AJ$1)) -> 400023|900|; | AK37: =OFFSET([1]item_type!$A$1,MATCH(Q37,[1]item_type!$G:$G,0)-1,0) -> 301002 | AM37: =IF(B37=B38,OFFSET(卡牌辅助配置表!$AE$1,MATCH(AB37,卡牌辅助配置表!AB:AB,0),0),0) -> 900 | AN37: =IF(B37=B38,A37+1,0) -> 1002003 | AP37: =IF(AC37=0,0,IF(AC37=12,0,OFFSET(effect!$N$1,MATCH(K37,effect!M:M,0)-1,0))) -> 0
A38: =Q38*1000+N38 -> 1002003 | B38: 白龙掌 | C38: 1 | D38: 6 | E38: 造成%d点%s拳法伤害 | G38: -3 | H38: =IF(R38=0,Y38,0) -> 0 | J38: =OFFSET(card_type!$F$1,MATCH(Q38,card_type!A:A,0)-1,0) -> 1 | K38: =OFFSET(card_type!$G$1,MATCH(Q38,card_type!A:A,0)-1,0) -> 1 | L38: 1 | M38: 1 | N38: =IF(B37=B38,N37+1,1) -> 3 | Q38: =OFFSET(card_type!$A$1,MATCH(card!B38,card_type!B:B,0)-1,0) -> 1002 | R38: 1 | S38: =ROUND(IF(R38=0,0,IF(R38=1,X38*$S$1,IF(R38=2,X38*$S$1*buff的资质计算!$E$2,IF(R38=3,X38*$S$1*buff的资质计算!$E$3,0)))),0)*0 -> 0 | T38: 1 | U38: =J38*10+K38 -> 11 | V38: =ROUND((OFFSET(卡牌辅助配置表!$O$1,MATCH(U38,卡牌辅助配置表!M:M,0)-1,0)+(N38-1)*OFFSET(卡牌辅助配置表!$P$1,MATCH(U38,卡牌辅助配置表!M:M,0)-1,0))*M38,2) -> 6.69 | W38: =ROUND(IF(R38=0,0,IF(R38=1,X38*$W$1,IF(R38=2,X38*$W$1*buff的资质计算!$E$2,IF(R38=3,X38*$W$1*buff的资质计算!$E$3,0)))),2) -> 0.9 | X38: =M38*($M$1+(J38-1)*$J$1+(K38-1)*$K$1)+G38+$J$1*(N38-1)/$N$1 -> 3 | Y38: =X38+H38 -> 3 | Z38: =Y38/M38 -> 3 | AA38: =OFFSET(卡牌辅助配置表!$AD$1,MATCH(AB38,卡牌辅助配置表!AB:AB,0)-1,0) -> 54 | AB38: =J38*1000+K38*100+N38 -> 1103 | AF38: =((Q38*1000+1)*10+1)&$AF$1 -> 10020011| | AJ38: =IF(AN38=0,0,IF(AL38=0,$AM$1&$AF$1&AM38&$AF$1&$AJ$1,AK38&$AF$1&AL38&$AF$1&$AJ$1&$AM$1&$AF$1&AM38&$AF$1&$AJ$1)) -> 400023|1100|; | AK38: =OFFSET([1]item_type!$A$1,MATCH(Q38,[1]item_type!$G:$G,0)-1,0) -> 301002 | AM38: =IF(B38=B39,OFFSET(卡牌辅助配置表!$AE$1,MATCH(AB38,卡牌辅助配置表!AB:AB,0),0),0) -> 1100 | AN38: =IF(B38=B39,A38+1,0) -> 1002004 | AP38: =IF(AC38=0,0,IF(AC38=12,0,OFFSET(effect!$N$1,MATCH(K38,effect!M:M,0)-1,0))) -> 0
A39: =Q39*1000+N39 -> 1002004 | B39: 白龙掌 | C39: 1 | D39: 6 | E39: 造成%d点%s拳法伤害 | G39: -3 | H39: =IF(R39=0,Y39,0) -> 0 | J39: =OFFSET(card_type!$F$1,MATCH(Q39,card_type!A:A,0)-1,0) -> 1 | K39: =OFFSET(card_type!$G$1,MATCH(Q39,card_type!A:A,0)-1,0) -> 1 | L39: 1 | M39: 1 | N39: =IF(B38=B39,N38+1,1) -> 4 | Q39: =OFFSET(card_type!$A$1,MATCH(card!B39,card_type!B:B,0)-1,0) -> 1002 | R39: 1 | S39: =ROUND(IF(R39=0,0,IF(R39=1,X39*$S$1,IF(R39=2,X39*$S$1*buff的资质计算!$E$2,IF(R39=3,X39*$S$1*buff的资质计算!$E$3,0)))),0)*0 -> 0 | T39: 1 | U39: =J39*10+K39 -> 11 | V39: =ROUND((OFFSET(卡牌辅助配置表!$O$1,MATCH(U39,卡牌辅助配置表!M:M,0)-1,0)+(N39-1)*OFFSET(卡牌辅助配置表!$P$1,MATCH(U39,卡牌辅助配置表!M:M,0)-1,0))*M39,2) -> 6.9 | W39: =ROUND(IF(R39=0,0,IF(R39=1,X39*$W$1,IF(R39=2,X39*$W$1*buff的资质计算!$E$2,IF(R39=3,X39*$W$1*buff的资质计算!$E$3,0)))),2) -> 1.05 | X39: =M39*($M$1+(J39-1)*$J$1+(K39-1)*$K$1)+G39+$J$1*(N39-1)/$N$1 -> 3.5 | Y39: =X39+H39 -> 3.5 | Z39: =Y39/M39 -> 3.5 | AA39: =OFFSET(卡牌辅助配置表!$AD$1,MATCH(AB39,卡牌辅助配置表!AB:AB,0)-1,0) -> 72 | AB39: =J39*1000+K39*100+N39 -> 1104 | AF39: =((Q39*1000+1)*10+1)&$AF$1 -> 10020011| | AJ39: =IF(AN39=0,0,IF(AL39=0,$AM$1&$AF$1&AM39&$AF$1&$AJ$1,AK39&$AF$1&AL39&$AF$1&$AJ$1&$AM$1&$AF$1&AM39&$AF$1&$AJ$1)) -> 400023|1300|; | AK39: =OFFSET([1]item_type!$A$1,MATCH(Q39,[1]item_type!$G:$G,0)-1,0) -> 301002 | AM39: =IF(B39=B40,OFFSET(卡牌辅助配置表!$AE$1,MATCH(AB39,卡牌辅助配置表!AB:AB,0),0),0) -> 1300 | AN39: =IF(B39=B40,A39+1,0) -> 1002005 | AP39: =IF(AC39=0,0,IF(AC39=12,0,OFFSET(effect!$N$1,MATCH(K39,effect!M:M,0)-1,0))) -> 0
A40: =Q40*1000+N40 -> 1002005 | B40: 白龙掌 | C40: 1 | D40: 6 | E40: 造成%d点%s拳法伤害 | G40: -3 | H40: =IF(R40=0,Y40,0) -> 0 | J40: =OFFSET(card_type!$F$1,MATCH(Q40,card_type!A:A,0)-1,0) -> 1 | K40: =OFFSET(card_type!$G$1,MATCH(Q40,card_type!A:A,0)-1,0) -> 1 | L40: 1 | M40: 1 | N40: =IF(B39=B40,N39+1,1) -> 5 | Q40: =OFFSET(card_type!$A$1,MATCH(card!B40,card_type!B:B,0)-1,0) -> 1002 | R40: 1 | S40: =ROUND(IF(R40=0,0,IF(R40=1,X40*$S$1,IF(R40=2,X40*$S$1*buff的资质计算!$E$2,IF(R40=3,X40*$S$1*buff的资质计算!$E$3,0)))),0)*0 -> 0 | T40: 1 | U40: =J40*10+K40 -> 11 | V40: =ROUND((OFFSET(卡牌辅助配置表!$O$1,MATCH(U40,卡牌辅助配置表!M:M,0)-1,0)+(N40-1)*OFFSET(卡牌辅助配置表!$P$1,MATCH(U40,卡牌辅助配置表!M:M,0)-1,0))*M40,2) -> 7.11 | W40: =ROUND(IF(R40=0,0,IF(R40=1,X40*$W$1,IF(R40=2,X40*$W$1*buff的资质计算!$E$2,IF(R40=3,X40*$W$1*buff的资质计算!$E$3,0)))),2) -> 1.2 | X40: =M40*($M$1+(J40-1)*$J$1+(K40-1)*$K$1)+G40+$J$1*(N40-1)/$N$1 -> 4 | Y40: =X40+H40 -> 4 | Z40: =Y40/M40 -> 4 | AA40: =OFFSET(卡牌辅助配置表!$AD$1,MATCH(AB40,卡牌辅助配置表!AB:AB,0)-1,0) -> 90 | AB40: =J40*1000+K40*100+N40 -> 1105 | AF40: =((Q40*1000+1)*10+1)&$AF$1 -> 10020011| | AJ40: =IF(AN40=0,0,IF(AL40=0,$AM$1&$AF$1&AM40&$AF$1&$AJ$1,AK40&$AF$1&AL40&$AF$1&$AJ$1&$AM$1&$AF$1&AM40&$AF$1&$AJ$1)) -> 400023|1500|; | AK40: =OFFSET([1]item_type!$A$1,MATCH(Q40,[1]item_type!$G:$G,0)-1,0) -> 301002 | AM40: =IF(B40=B41,OFFSET(卡牌辅助配置表!$AE$1,MATCH(AB40,卡牌辅助配置表!AB:AB,0),0),0) -> 1500 | AN40: =IF(B40=B41,A40+1,0) -> 1002006 | AP40: =IF(AC40=0,0,IF(AC40=12,0,OFFSET(effect!$N$1,MATCH(K40,effect!M:M,0)-1,0))) -> 0
A41: =Q41*1000+N41 -> 1002006 | B41: 白龙掌 | C41: 1 | D41: 6 | E41: 造成%d点%s拳法伤害 | G41: -3 | H41: =IF(R41=0,Y41,0) -> 0 | J41: =OFFSET(card_type!$F$1,MATCH(Q41,card_type!A:A,0)-1,0) -> 1 | K41: =OFFSET(card_type!$G$1,MATCH(Q41,card_type!A:A,0)-1,0) -> 1 | L41: 1 | M41: 1 | N41: =IF(B40=B41,N40+1,1) -> 6 | Q41: =OFFSET(card_type!$A$1,MATCH(card!B41,card_type!B:B,0)-1,0) -> 1002 | R41: 1 | S41: =ROUND(IF(R41=0,0,IF(R41=1,X41*$S$1,IF(R41=2,X41*$S$1*buff的资质计算!$E$2,IF(R41=3,X41*$S$1*buff的资质计算!$E$3,0)))),0)*0 -> 0 | T41: 1 | U41: =J41*10+K41 -> 11 | V41: =ROUND((OFFSET(卡牌辅助配置表!$O$1,MATCH(U41,卡牌辅助配置表!M:M,0)-1,0)+(N41-1)*OFFSET(卡牌辅助配置表!$P$1,MATCH(U41,卡牌辅助配置表!M:M,0)-1,0))*M41,2) -> 7.32 | W41: =ROUND(IF(R41=0,0,IF(R41=1,X41*$W$1,IF(R41=2,X41*$W$1*buff的资质计算!$E$2,IF(R41=3,X41*$W$1*buff的资质计算!$E$3,0)))),2) -> 1.35 | X41: =M41*($M$1+(J41-1)*$J$1+(K41-1)*$K$1)+G41+$J$1*(N41-1)/$N$1 -> 4.5 | Y41: =X41+H41 -> 4.5 | Z41: =Y41/M41 -> 4.5 | AA41: =OFFSET(卡牌辅助配置表!$AD$1,MATCH(AB41,卡牌辅助配置表!AB:AB,0)-1,0) -> 108 | AB41: =J41*1000+K41*100+N41 -> 1106 | AF41: =((Q41*1000+1)*10+1)&$AF$1 -> 10020011| | AJ41: =IF(AN41=0,0,IF(AL41=0,$AM$1&$AF$1&AM41&$AF$1&$AJ$1,AK41&$AF$1&AL41&$AF$1&$AJ$1&$AM$1&$AF$1&AM41&$AF$1&$AJ$1)) -> 400023|1700|; | AK41: =OFFSET([1]item_type!$A$1,MATCH(Q41,[1]item_type!$G:$G,0)-1,0) -> 301002 | AM41: =IF(B41=B42,OFFSET(卡牌辅助配置表!$AE$1,MATCH(AB41,卡牌辅助配置表!AB:AB,0),0),0) -> 1700 | AN41: =IF(B41=B42,A41+1,0) -> 1002007 | AP41: =IF(AC41=0,0,IF(AC41=12,0,OFFSET(effect!$N$1,MATCH(K41,effect!M:M,0)-1,0))) -> 0
A42: =Q42*1000+N42 -> 1002007 | B42: 白龙掌 | C42: 1 | D42: 6 | E42: 造成%d点%s拳法伤害 | G42: -3 | H42: =IF(R42=0,Y42,0) -> 0 | J42: =OFFSET(card_type!$F$1,MATCH(Q42,card_type!A:A,0)-1,0) -> 1 | K42: =OFFSET(card_type!$G$1,MATCH(Q42,card_type!A:A,0)-1,0) -> 1 | L42: 1 | M42: 1 | N42: =IF(B41=B42,N41+1,1) -> 7 | Q42: =OFFSET(card_type!$A$1,MATCH(card!B42,card_type!B:B,0)-1,0) -> 1002 | R42: 1 | S42: =ROUND(IF(R42=0,0,IF(R42=1,X42*$S$1,IF(R42=2,X42*$S$1*buff的资质计算!$E$2,IF(R42=3,X42*$S$1*buff的资质计算!$E$3,0)))),0)*0 -> 0 | T42: 1 | U42: =J42*10+K42 -> 11 | V42: =ROUND((OFFSET(卡牌辅助配置表!$O$1,MATCH(U42,卡牌辅助配置表!M:M,0)-1,0)+(N42-1)*OFFSET(卡牌辅助配置表!$P$1,MATCH(U42,卡牌辅助配置表!M:M,0)-1,0))*M42,2) -> 7.52 | W42: =ROUND(IF(R42=0,0,IF(R42=1,X42*$W$1,IF(R42=2,X42*$W$1*buff的资质计算!$E$2,IF(R42=3,X42*$W$1*buff的资质计算!$E$3,0)))),2) -> 1.5 | X42: =M42*($M$1+(J42-1)*$J$1+(K42-1)*$K$1)+G42+$J$1*(N42-1)/$N$1 -> 5 | Y42: =X42+H42 -> 5 | Z42: =Y42/M42 -> 5 | AA42: =OFFSET(卡牌辅助配置表!$AD$1,MATCH(AB42,卡牌辅助配置表!AB:AB,0)-1,0) -> 126 | AB42: =J42*1000+K42*100+N42 -> 1107 | AF42: =((Q42*1000+1)*10+1)&$AF$1 -> 10020011| | AJ42: =IF(AN42=0,0,IF(AL42=0,$AM$1&$AF$1&AM42&$AF$1&$AJ$1,AK42&$AF$1&AL42&$AF$1&$AJ$1&$AM$1&$AF$1&AM42&$AF$1&$AJ$1)) -> 400023|1900|; | AK42: =OFFSET([1]item_type!$A$1,MATCH(Q42,[1]item_type!$G:$G,0)-1,0) -> 301002 | AM42: =IF(B42=B43,OFFSET(卡牌辅助配置表!$AE$1,MATCH(AB42,卡牌辅助配置表!AB:AB,0),0),0) -> 1900 | AN42: =IF(B42=B43,A42+1,0) -> 1002008 | AP42: =IF(AC42=0,0,IF(AC42=12,0,OFFSET(effect!$N$1,MATCH(K42,effect!M:M,0)-1,0))) -> 0
A43: =Q43*1000+N43 -> 1002008 | B43: 白龙掌 | C43: 1 | D43: 6 | E43: 造成%d点%s拳法伤害 | G43: -3 | H43: =IF(R43=0,Y43,0) -> 0 | J43: =OFFSET(card_type!$F$1,MATCH(Q43,card_type!A:A,0)-1,0) -> 1 | K43: =OFFSET(card_type!$G$1,MATCH(Q43,card_type!A:A,0)-1,0) -> 1 | L43: 1 | M43: 1 | N43: =IF(B42=B43,N42+1,1) -> 8 | Q43: =OFFSET(card_type!$A$1,MATCH(card!B43,card_type!B:B,0)-1,0) -> 1002 | R43: 1 | S43: =ROUND(IF(R43=0,0,IF(R43=1,X43*$S$1,IF(R43=2,X43*$S$1*buff的资质计算!$E$2,IF(R43=3,X43*$S$1*buff的资质计算!$E$3,0)))),0)*0 -> 0 | T43: 1 | U43: =J43*10+K43 -> 11 | V43: =ROUND((OFFSET(卡牌辅助配置表!$O$1,MATCH(U43,卡牌辅助配置表!M:M,0)-1,0)+(N43-1)*OFFSET(卡牌辅助配置表!$P$1,MATCH(U43,卡牌辅助配置表!M:M,0)-1,0))*M43,2) -> 7.73 | W43: =ROUND(IF(R43=0,0,IF(R43=1,X43*$W$1,IF(R43=2,X43*$W$1*buff的资质计算!$E$2,IF(R43=3,X43*$W$1*buff的资质计算!$E$3,0)))),2) -> 1.65 | X43: =M43*($M$1+(J43-1)*$J$1+(K43-1)*$K$1)+G43+$J$1*(N43-1)/$N$1 -> 5.5 | Y43: =X43+H43 -> 5.5 | Z43: =Y43/M43 -> 5.5 | AA43: =OFFSET(卡牌辅助配置表!$AD$1,MATCH(AB43,卡牌辅助配置表!AB:AB,0)-1,0) -> 144 | AB43: =J43*1000+K43*100+N43 -> 1108 | AF43: =((Q43*1000+1)*10+1)&$AF$1 -> 10020011| | AJ43: =IF(AN43=0,0,IF(AL43=0,$AM$1&$AF$1&AM43&$AF$1&$AJ$1,AK43&$AF$1&AL43&$AF$1&$AJ$1&$AM$1&$AF$1&AM43&$AF$1&$AJ$1)) -> 400023|2100|; | AK43: =OFFSET([1]item_type!$A$1,MATCH(Q43,[1]item_type!$G:$G,0)-1,0) -> 301002 | AM43: =IF(B43=B44,OFFSET(卡牌辅助配置表!$AE$1,MATCH(AB43,卡牌辅助配置表!AB:AB,0),0),0) -> 2100 | AN43: =IF(B43=B44,A43+1,0) -> 1002009 | AP43: =IF(AC43=0,0,IF(AC43=12,0,OFFSET(effect!$N$1,MATCH(K43,effect!M:M,0)-1,0))) -> 0
A44: =Q44*1000+N44 -> 1002009 | B44: 白龙掌 | C44: 1 | D44: 6 | E44: 造成%d点%s拳法伤害 | G44: -3 | H44: =IF(R44=0,Y44,0) -> 0 | J44: =OFFSET(card_type!$F$1,MATCH(Q44,card_type!A:A,0)-1,0) -> 1 | K44: =OFFSET(card_type!$G$1,MATCH(Q44,card_type!A:A,0)-1,0) -> 1 | L44: 1 | M44: 1 | N44: =IF(B43=B44,N43+1,1) -> 9 | Q44: =OFFSET(card_type!$A$1,MATCH(card!B44,card_type!B:B,0)-1,0) -> 1002 | R44: 1 | S44: =ROUND(IF(R44=0,0,IF(R44=1,X44*$S$1,IF(R44=2,X44*$S$1*buff的资质计算!$E$2,IF(R44=3,X44*$S$1*buff的资质计算!$E$3,0)))),0)*0 -> 0 | T44: 1 | U44: =J44*10+K44 -> 11 | V44: =ROUND((OFFSET(卡牌辅助配置表!$O$1,MATCH(U44,卡牌辅助配置表!M:M,0)-1,0)+(N44-1)*OFFSET(卡牌辅助配置表!$P$1,MATCH(U44,卡牌辅助配置表!M:M,0)-1,0))*M44,2) -> 7.94 | W44: =ROUND(IF(R44=0,0,IF(R44=1,X44*$W$1,IF(R44=2,X44*$W$1*buff的资质计算!$E$2,IF(R44=3,X44*$W$1*buff的资质计算!$E$3,0)))),2) -> 1.8 | X44: =M44*($M$1+(J44-1)*$J$1+(K44-1)*$K$1)+G44+$J$1*(N44-1)/$N$1 -> 6 | Y44: =X44+H44 -> 6 | Z44: =Y44/M44 -> 6 | AA44: =OFFSET(卡牌辅助配置表!$AD$1,MATCH(AB44,卡牌辅助配置表!AB:AB,0)-1,0) -> 162 | AB44: =J44*1000+K44*100+N44 -> 1109 | AF44: =((Q44*1000+1)*10+1)&$AF$1 -> 10020011| | AJ44: =IF(AN44=0,0,IF(AL44=0,$AM$1&$AF$1&AM44&$AF$1&$AJ$1,AK44&$AF$1&AL44&$AF$1&$AJ$1&$AM$1&$AF$1&AM44&$AF$1&$AJ$1)) -> 301002|15|;400023|2300|; | AK44: =OFFSET([1]item_type!$A$1,MATCH(Q44,[1]item_type!$G:$G,0)-1,0) -> 301002 | AL44: 15 | AM44: =IF(B44=B45,OFFSET(卡牌辅助配置表!$AE$1,MATCH(AB44,卡牌辅助配置表!AB:AB,0),0),0) -> 2300 | AN44: =IF(B44=B45,A44+1,0) -> 1002010 | AP44: =IF(AC44=0,0,IF(AC44=12,0,OFFSET(effect!$N$1,MATCH(K44,effect!M:M,0)-1,0))) -> 0
A45: =Q45*1000+N45 -> 1002010 | B45: 白龙掌 | C45: 1 | D45: 6 | E45: 造成%d点%s拳法伤害 | G45: -3 | H45: =IF(R45=0,Y45,0) -> 0 | J45: =OFFSET(card_type!$F$1,MATCH(Q45,card_type!A:A,0)-1,0) -> 1 | K45: =OFFSET(card_type!$G$1,MATCH(Q45,card_type!A:A,0)-1,0) -> 1 | L45: 1 | M45: 1 | N45: =IF(B44=B45,N44+1,1) -> 10 | Q45: =OFFSET(card_type!$A$1,MATCH(card!B45,card_type!B:B,0)-1,0) -> 1002 | R45: 1 | S45: =ROUND(IF(R45=0,0,IF(R45=1,X45*$S$1,IF(R45=2,X45*$S$1*buff的资质计算!$E$2,IF(R45=3,X45*$S$1*buff的资质计算!$E$3,0)))),0)*0 -> 0 | T45: 1 | U45: =J45*10+K45 -> 11 | V45: =ROUND((OFFSET(卡牌辅助配置表!$O$1,MATCH(U45,卡牌辅助配置表!M:M,0)-1,0)+(N45-1)*OFFSET(卡牌辅助配置表!$P$1,MATCH(U45,卡牌辅助配置表!M:M,0)-1,0))*M45,2) -> 8.15 | W45: =ROUND(IF(R45=0,0,IF(R45=1,X45*$W$1,IF(R45=2,X45*$W$1*buff的资质计算!$E$2,IF(R45=3,X45*$W$1*buff的资质计算!$E$3,0)))),2) -> 1.95 | X45: =M45*($M$1+(J45-1)*$J$1+(K45-1)*$K$1)+G45+$J$1*(N45-1)/$N$1 -> 6.5 | Y45: =X45+H45 -> 6.5 | Z45: =Y45/M45 -> 6.5 | AA45: =OFFSET(卡牌辅助配置表!$AD$1,MATCH(AB45,卡牌辅助配置表!AB:AB,0)-1,0) -> 180 | AB45: =J45*1000+K45*100+N45 -> 1110 | AF45: =((Q45*1000+1)*10+1)&$AF$1 -> 10020011| | AJ45: =IF(AN45=0,0,IF(AL45=0,$AM$1&$AF$1&AM45&$AF$1&$AJ$1,AK45&$AF$1&AL45&$AF$1&$AJ$1&$AM$1&$AF$1&AM45&$AF$1&$AJ$1)) -> 400023|2700|; | AK45: =OFFSET([1]item_type!$A$1,MATCH(Q45,[1]item_type!$G:$G,0)-1,0) -> 301002 | AM45: =IF(B45=B46,OFFSET(卡牌辅助配置表!$AE$1,MATCH(AB45,卡牌辅助配置表!AB:AB,0),0),0) -> 2700 | AN45: =IF(B45=B46,A45+1,0) -> 1002011 | AP45: =IF(AC45=0,0,IF(AC45=12,0,OFFSET(effect!$N$1,MATCH(K45,effect!M:M,0)-1,0))) -> 0
A46: =Q46*1000+N46 -> 1002011 | B46: 白龙掌 | C46: 1 | D46: 6 | E46: 造成%d点%s拳法伤害 | G46: -3 | H46: =IF(R46=0,Y46,0) -> 0 | J46: =OFFSET(card_type!$F$1,MATCH(Q46,card_type!A:A,0)-1,0) -> 1 | K46: =OFFSET(card_type!$G$1,MATCH(Q46,card_type!A:A,0)-1,0) -> 1 | L46: 1 | M46: 1 | N46: =IF(B45=B46,N45+1,1) -> 11 | Q46: =OFFSET(card_type!$A$1,MATCH(card!B46,card_type!B:B,0)-1,0) -> 1002 | R46: 1 | S46: =ROUND(IF(R46=0,0,IF(R46=1,X46*$S$1,IF(R46=2,X46*$S$1*buff的资质计算!$E$2,IF(R46=3,X46*$S$1*buff的资质计算!$E$3,0)))),0)*0 -> 0 | T46: 1 | U46: =J46*10+K46 -> 11 | V46: =ROUND((OFFSET(卡牌辅助配置表!$O$1,MATCH(U46,卡牌辅助配置表!M:M,0)-1,0)+(N46-1)*OFFSET(卡牌辅助配置表!$P$1,MATCH(U46,卡牌辅助配置表!M:M,0)-1,0))*M46,2) -> 8.36 | W46: =ROUND(IF(R46=0,0,IF(R46=1,X46*$W$1,IF(R46=2,X46*$W$1*buff的资质计算!$E$2,IF(R46=3,X46*$W$1*buff的资质计算!$E$3,0)))),2) -> 2.1 | X46: =M46*($M$1+(J46-1)*$J$1+(K46-1)*$K$1)+G46+$J$1*(N46-1)/$N$1 -> 7 | Y46: =X46+H46 -> 7 | Z46: =Y46/M46 -> 7 | AA46: =OFFSET(卡牌辅助配置表!$AD$1,MATCH(AB46,卡牌辅助配置表!AB:AB,0)-1,0) -> 207 | AB46: =J46*1000+K46*100+N46 -> 1111 | AF46: =((Q46*1000+1)*10+1)&$AF$1 -> 10020011| | AJ46: =IF(AN46=0,0,IF(AL46=0,$AM$1&$AF$1&AM46&$AF$1&$AJ$1,AK46&$AF$1&AL46&$AF$1&$AJ$1&$AM$1&$AF$1&AM46&$AF$1&$AJ$1)) -> 400023|3100|; | AK46: =OFFSET([1]item_type!$A$1,MATCH(Q46,[1]item_type!$G:$G,0)-1,0) -> 301002 | AM46: =IF(B46=B47,OFFSET(卡牌辅助配置表!$AE$1,MATCH(AB46,卡牌辅助配置表!AB:AB,0),0),0) -> 3100 | AN46: =IF(B46=B47,A46+1,0) -> 1002012 | AP46: =IF(AC46=0,0,IF(AC46=12,0,OFFSET(effect!$N$1,MATCH(K46,effect!M:M,0)-1,0))) -> 0
A47: =Q47*1000+N47 -> 1002012 | B47: 白龙掌 | C47: 1 | D47: 6 | E47: 造成%d点%s拳法伤害 | G47: -3 | H47: =IF(R47=0,Y47,0) -> 0 | J47: =OFFSET(card_type!$F$1,MATCH(Q47,card_type!A:A,0)-1,0) -> 1 | K47: =OFFSET(card_type!$G$1,MATCH(Q47,card_type!A:A,0)-1,0) -> 1 | L47: 1 | M47: 1 | N47: =IF(B46=B47,N46+1,1) -> 12 | Q47: =OFFSET(card_type!$A$1,MATCH(card!B47,card_type!B:B,0)-1,0) -> 1002 | R47: 1 | S47: =ROUND(IF(R47=0,0,IF(R47=1,X47*$S$1,IF(R47=2,X47*$S$1*buff的资质计算!$E$2,IF(R47=3,X47*$S$1*buff的资质计算!$E$3,0)))),0)*0 -> 0 | T47: 1 | U47: =J47*10+K47 -> 11 | V47: =ROUND((OFFSET(卡牌辅助配置表!$O$1,MATCH(U47,卡牌辅助配置表!M:M,0)-1,0)+(N47-1)*OFFSET(卡牌辅助配置表!$P$1,MATCH(U47,卡牌辅助配置表!M:M,0)-1,0))*M47,2) -> 8.57 | W47: =ROUND(IF(R47=0,0,IF(R47=1,X47*$W$1,IF(R47=2,X47*$W$1*buff的资质计算!$E$2,IF(R47=3,X47*$W$1*buff的资质计算!$E$3,0)))),2) -> 2.25 | X47: =M47*($M$1+(J47-1)*$J$1+(K47-1)*$K$1)+G47+$J$1*(N47-1)/$N$1 -> 7.5 | Y47: =X47+H47 -> 7.5 | Z47: =Y47/M47 -> 7.5 | AA47: =OFFSET(卡牌辅助配置表!$AD$1,MATCH(AB47,卡牌辅助配置表!AB:AB,0)-1,0) -> 234 | AB47: =J47*1000+K47*100+N47 -> 1112 | AF47: =((Q47*1000+1)*10+1)&$AF$1 -> 10020011| | AJ47: =IF(AN47=0,0,IF(AL47=0,$AM$1&$AF$1&AM47&$AF$1&$AJ$1,AK47&$AF$1&AL47&$AF$1&$AJ$1&$AM$1&$AF$1&AM47&$AF$1&$AJ$1)) -> 400023|3500|; | AK47: =OFFSET([1]item_type!$A$1,MATCH(Q47,[1]item_type!$G:$G,0)-1,0) -> 301002 | AM47: =IF(B47=B48,OFFSET(卡牌辅助配置表!$AE$1,MATCH(AB47,卡牌辅助配置表!AB:AB,0),0),0) -> 3500 | AN47: =IF(B47=B48,A47+1,0) -> 1002013 | AP47: =IF(AC47=0,0,IF(AC47=12,0,OFFSET(effect!$N$1,MATCH(K47,effect!M:M,0)-1,0))) -> 0
A48: =Q48*1000+N48 -> 1002013 | B48: 白龙掌 | C48: 1 | D48: 6 | E48: 造成%d点%s拳法伤害 | G48: -3 | H48: =IF(R48=0,Y48,0) -> 0 | J48: =OFFSET(card_type!$F$1,MATCH(Q48,card_type!A:A,0)-1,0) -> 1 | K48: =OFFSET(card_type!$G$1,MATCH(Q48,card_type!A:A,0)-1,0) -> 1 | L48: 1 | M48: 1 | N48: =IF(B47=B48,N47+1,1) -> 13 | Q48: =OFFSET(card_type!$A$1,MATCH(card!B48,card_type!B:B,0)-1,0) -> 1002 | R48: 1 | S48: =ROUND(IF(R48=0,0,IF(R48=1,X48*$S$1,IF(R48=2,X48*$S$1*buff的资质计算!$E$2,IF(R48=3,X48*$S$1*buff的资质计算!$E$3,0)))),0)*0 -> 0 | T48: 1 | U48: =J48*10+K48 -> 11 | V48: =ROUND((OFFSET(卡牌辅助配置表!$O$1,MATCH(U48,卡牌辅助配置表!M:M,0)-1,0)+(N48-1)*OFFSET(卡牌辅助配置表!$P$1,MATCH(U48,卡牌辅助配置表!M:M,0)-1,0))*M48,2) -> 8.78 | W48: =ROUND(IF(R48=0,0,IF(R48=1,X48*$W$1,IF(R48=2,X48*$W$1*buff的资质计算!$E$2,IF(R48=3,X48*$W$1*buff的资质计算!$E$3,0)))),2) -> 2.4 | X48: =M48*($M$1+(J48-1)*$J$1+(K48-1)*$K$1)+G48+$J$1*(N48-1)/$N$1 -> 8 | Y48: =X48+H48 -> 8 | Z48: =Y48/M48 -> 8 | AA48: =OFFSET(卡牌辅助配置表!$AD$1,MATCH(AB48,卡牌辅助配置表!AB:AB,0)-1,0) -> 261 | AB48: =J48*1000+K48*100+N48 -> 1113 | AF48: =((Q48*1000+1)*10+1)&$AF$1 -> 10020011| | AJ48: =IF(AN48=0,0,IF(AL48=0,$AM$1&$AF$1&AM48&$AF$1&$AJ$1,AK48&$AF$1&AL48&$AF$1&$AJ$1&$AM$1&$AF$1&AM48&$AF$1&$AJ$1)) -> 400023|3900|; | AK48: =OFFSET([1]item_type!$A$1,MATCH(Q48,[1]item_type!$G:$G,0)-1,0) -> 301002 | AM48: =IF(B48=B49,OFFSET(卡牌辅助配置表!$AE$1,MATCH(AB48,卡牌辅助配置表!AB:AB,0),0),0) -> 3900 | AN48: =IF(B48=B49,A48+1,0) -> 1002014 | AP48: =IF(AC48=0,0,IF(AC48=12,0,OFFSET(effect!$N$1,MATCH(K48,effect!M:M,0)-1,0))) -> 0
A49: =Q49*1000+N49 -> 1002014 | B49: 白龙掌 | C49: 1 | D49: 6 | E49: 造成%d点%s拳法伤害 | G49: -3 | H49: =IF(R49=0,Y49,0) -> 0 | J49: =OFFSET(card_type!$F$1,MATCH(Q49,card_type!A:A,0)-1,0) -> 1 | K49: =OFFSET(card_type!$G$1,MATCH(Q49,card_type!A:A,0)-1,0) -> 1 | L49: 1 | M49: 1 | N49: =IF(B48=B49,N48+1,1) -> 14 | Q49: =OFFSET(card_type!$A$1,MATCH(card!B49,card_type!B:B,0)-1,0) -> 1002 | R49: 1 | S49: =ROUND(IF(R49=0,0,IF(R49=1,X49*$S$1,IF(R49=2,X49*$S$1*buff的资质计算!$E$2,IF(R49=3,X49*$S$1*buff的资质计算!$E$3,0)))),0)*0 -> 0 | T49: 1 | U49: =J49*10+K49 -> 11 | V49: =ROUND((OFFSET(卡牌辅助配置表!$O$1,MATCH(U49,卡牌辅助配置表!M:M,0)-1,0)+(N49-1)*OFFSET(卡牌辅助配置表!$P$1,MATCH(U49,卡牌辅助配置表!M:M,0)-1,0))*M49,2) -> 8.99 | W49: =ROUND(IF(R49=0,0,IF(R49=1,X49*$W$1,IF(R49=2,X49*$W$1*buff的资质计算!$E$2,IF(R49=3,X49*$W$1*buff的资质计算!$E$3,0)))),2) -> 2.55 | X49: =M49*($M$1+(J49-1)*$J$1+(K49-1)*$K$1)+G49+$J$1*(N49-1)/$N$1 -> 8.5 | Y49: =X49+H49 -> 8.5 | Z49: =Y49/M49 -> 8.5 | AA49: =OFFSET(卡牌辅助配置表!$AD$1,MATCH(AB49,卡牌辅助配置表!AB:AB,0)-1,0) -> 288 | AB49: =J49*1000+K49*100+N49 -> 1114 | AF49: =((Q49*1000+1)*10+1)&$AF$1 -> 10020011| | AJ49: =IF(AN49=0,0,IF(AL49=0,$AM$1&$AF$1&AM49&$AF$1&$AJ$1,AK49&$AF$1&AL49&$AF$1&$AJ$1&$AM$1&$AF$1&AM49&$AF$1&$AJ$1)) -> 400023|4300|; | AK49: =OFFSET([1]item_type!$A$1,MATCH(Q49,[1]item_type!$G:$G,0)-1,0) -> 301002 | AM49: =IF(B49=B50,OFFSET(卡牌辅助配置表!$AE$1,MATCH(AB49,卡牌辅助配置表!AB:AB,0),0),0) -> 4300 | AN49: =IF(B49=B50,A49+1,0) -> 1002015 | AP49: =IF(AC49=0,0,IF(AC49=12,0,OFFSET(effect!$N$1,MATCH(K49,effect!M:M,0)-1,0))) -> 0
A50: =Q50*1000+N50 -> 1002015 | B50: 白龙掌 | C50: 1 | D50: 6 | E50: 造成%d点%s拳法伤害 | G50: -3 | H50: =IF(R50=0,Y50,0) -> 0 | J50: =OFFSET(card_type!$F$1,MATCH(Q50,card_type!A:A,0)-1,0) -> 1 | K50: =OFFSET(card_type!$G$1,MATCH(Q50,card_type!A:A,0)-1,0) -> 1 | L50: 1 | M50: 1 | N50: =IF(B49=B50,N49+1,1) -> 15 | Q50: =OFFSET(card_type!$A$1,MATCH(card!B50,card_type!B:B,0)-1,0) -> 1002 | R50: 1 | S50: =ROUND(IF(R50=0,0,IF(R50=1,X50*$S$1,IF(R50=2,X50*$S$1*buff的资质计算!$E$2,IF(R50=3,X50*$S$1*buff的资质计算!$E$3,0)))),0)*0 -> 0 | T50: 1 | U50: =J50*10+K50 -> 11 | V50: =ROUND((OFFSET(卡牌辅助配置表!$O$1,MATCH(U50,卡牌辅助配置表!M:M,0)-1,0)+(N50-1)*OFFSET(卡牌辅助配置表!$P$1,MATCH(U50,卡牌辅助配置表!M:M,0)-1,0))*M50,2) -> 9.2 | W50: =ROUND(IF(R50=0,0,IF(R50=1,X50*$W$1,IF(R50=2,X50*$W$1*buff的资质计算!$E$2,IF(R50=3,X50*$W$1*buff的资质计算!$E$3,0)))),2) -> 2.7 | X50: =M50*($M$1+(J50-1)*$J$1+(K50-1)*$K$1)+G50+$J$1*(N50-1)/$N$1 -> 9 | Y50: =X50+H50 -> 9 | Z50: =Y50/M50 -> 9 | AA50: =OFFSET(卡牌辅助配置表!$AD$1,MATCH(AB50,卡牌辅助配置表!AB:AB,0)-1,0) -> 315 | AB50: =J50*1000+K50*100+N50 -> 1115 | AF50: =((Q50*1000+1)*10+1)&$AF$1 -> 10020011| | AJ50: =IF(AN50=0,0,IF(AL50=0,$AM$1&$AF$1&AM50&$AF$1&$AJ$1,AK50&$AF$1&AL50&$AF$1&$AJ$1&$AM$1&$AF$1&AM50&$AF$1&$AJ$1)) -> 400023|4700|; | AK50: =OFFSET([1]item_type!$A$1,MATCH(Q50,[1]item_type!$G:$G,0)-1,0) -> 301002 | AM50: =IF(B50=B51,OFFSET(卡牌辅助配置表!$AE$1,MATCH(AB50,卡牌辅助配置表!AB:AB,0),0),0) -> 4700 | AN50: =IF(B50=B51,A50+1,0) -> 1002016 | AP50: =IF(AC50=0,0,IF(AC50=12,0,OFFSET(effect!$N$1,MATCH(K50,effect!M:M,0)-1,0))) -> 0
A51: =Q51*1000+N51 -> 1002016 | B51: 白龙掌 | C51: 1 | D51: 6 | E51: 造成%d点%s拳法伤害 | G51: -3 | H51: =IF(R51=0,Y51,0) -> 0 | J51: =OFFSET(card_type!$F$1,MATCH(Q51,card_type!A:A,0)-1,0) -> 1 | K51: =OFFSET(card_type!$G$1,MATCH(Q51,card_type!A:A,0)-1,0) -> 1 | L51: 1 | M51: 1 | N51: =IF(B50=B51,N50+1,1) -> 16 | Q51: =OFFSET(card_type!$A$1,MATCH(card!B51,card_type!B:B,0)-1,0) -> 1002 | R51: 1 | S51: =ROUND(IF(R51=0,0,IF(R51=1,X51*$S$1,IF(R51=2,X51*$S$1*buff的资质计算!$E$2,IF(R51=3,X51*$S$1*buff的资质计算!$E$3,0)))),0)*0 -> 0 | T51: 1 | U51: =J51*10+K51 -> 11 | V51: =ROUND((OFFSET(卡牌辅助配置表!$O$1,MATCH(U51,卡牌辅助配置表!M:M,0)-1,0)+(N51-1)*OFFSET(卡牌辅助配置表!$P$1,MATCH(U51,卡牌辅助配置表!M:M,0)-1,0))*M51,2) -> 9.41 | W51: =ROUND(IF(R51=0,0,IF(R51=1,X51*$W$1,IF(R51=2,X51*$W$1*buff的资质计算!$E$2,IF(R51=3,X51*$W$1*buff的资质计算!$E$3,0)))),2) -> 2.85 | X51: =M51*($M$1+(J51-1)*$J$1+(K51-1)*$K$1)+G51+$J$1*(N51-1)/$N$1 -> 9.5 | Y51: =X51+H51 -> 9.5 | Z51: =Y51/M51 -> 9.5 | AA51: =OFFSET(卡牌辅助配置表!$AD$1,MATCH(AB51,卡牌辅助配置表!AB:AB,0)-1,0) -> 342 | AB51: =J51*1000+K51*100+N51 -> 1116 | AF51: =((Q51*1000+1)*10+1)&$AF$1 -> 10020011| | AJ51: =IF(AN51=0,0,IF(AL51=0,$AM$1&$AF$1&AM51&$AF$1&$AJ$1,AK51&$AF$1&AL51&$AF$1&$AJ$1&$AM$1&$AF$1&AM51&$AF$1&$AJ$1)) -> 400023|5100|; | AK51: =OFFSET([1]item_type!$A$1,MATCH(Q51,[1]item_type!$G:$G,0)-1,0) -> 301002 | AM51: =IF(B51=B52,OFFSET(卡牌辅助配置表!$AE$1,MATCH(AB51,卡牌辅助配置表!AB:AB,0),0),0) -> 5100 | AN51: =IF(B51=B52,A51+1,0) -> 1002017 | AP51: =IF(AC51=0,0,IF(AC51=12,0,OFFSET(effect!$N$1,MATCH(K51,effect!M:M,0)-1,0))) -> 0
A52: =Q52*1000+N52 -> 1002017 | B52: 白龙掌 | C52: 1 | D52: 6 | E52: 造成%d点%s拳法伤害 | G52: -3 | H52: =IF(R52=0,Y52,0) -> 0 | J52: =OFFSET(card_type!$F$1,MATCH(Q52,card_type!A:A,0)-1,0) -> 1 | K52: =OFFSET(card_type!$G$1,MATCH(Q52,card_type!A:A,0)-1,0) -> 1 | L52: 1 | M52: 1 | N52: =IF(B51=B52,N51+1,1) -> 17 | Q52: =OFFSET(card_type!$A$1,MATCH(card!B52,card_type!B:B,0)-1,0) -> 1002 | R52: 1 | S52: =ROUND(IF(R52=0,0,IF(R52=1,X52*$S$1,IF(R52=2,X52*$S$1*buff的资质计算!$E$2,IF(R52=3,X52*$S$1*buff的资质计算!$E$3,0)))),0)*0 -> 0 | T52: 1 | U52: =J52*10+K52 -> 11 | V52: =ROUND((OFFSET(卡牌辅助配置表!$O$1,MATCH(U52,卡牌辅助配置表!M:M,0)-1,0)+(N52-1)*OFFSET(卡牌辅助配置表!$P$1,MATCH(U52,卡牌辅助配置表!M:M,0)-1,0))*M52,2) -> 9.61 | W52: =ROUND(IF(R52=0,0,IF(R52=1,X52*$W$1,IF(R52=2,X52*$W$1*buff的资质计算!$E$2,IF(R52=3,X52*$W$1*buff的资质计算!$E$3,0)))),2) -> 3 | X52: =M52*($M$1+(J52-1)*$J$1+(K52-1)*$K$1)+G52+$J$1*(N52-1)/$N$1 -> 10 | Y52: =X52+H52 -> 10 | Z52: =Y52/M52 -> 10 | AA52: =OFFSET(卡牌辅助配置表!$AD$1,MATCH(AB52,卡牌辅助配置表!AB:AB,0)-1,0) -> 369 | AB52: =J52*1000+K52*100+N52 -> 1117 | AF52: =((Q52*1000+1)*10+1)&$AF$1 -> 10020011| | AJ52: =IF(AN52=0,0,IF(AL52=0,$AM$1&$AF$1&AM52&$AF$1&$AJ$1,AK52&$AF$1&AL52&$AF$1&$AJ$1&$AM$1&$AF$1&AM52&$AF$1&$AJ$1)) -> 400023|5500|; | AK52: =OFFSET([1]item_type!$A$1,MATCH(Q52,[1]item_type!$G:$G,0)-1,0) -> 301002 | AM52: =IF(B52=B53,OFFSET(卡牌辅助配置表!$AE$1,MATCH(AB52,卡牌辅助配置表!AB:AB,0),0),0) -> 5500 | AN52: =IF(B52=B53,A52+1,0) -> 1002018 | AP52: =IF(AC52=0,0,IF(AC52=12,0,OFFSET(effect!$N$1,MATCH(K52,effect!M:M,0)-1,0))) -> 0
A53: =Q53*1000+N53 -> 1002018 | B53: 白龙掌 | C53: 1 | D53: 6 | E53: 造成%d点%s拳法伤害 | G53: -3 | H53: =IF(R53=0,Y53,0) -> 0 | J53: =OFFSET(card_type!$F$1,MATCH(Q53,card_type!A:A,0)-1,0) -> 1 | K53: =OFFSET(card_type!$G$1,MATCH(Q53,card_type!A:A,0)-1,0) -> 1 | L53: 1 | M53: 1 | N53: =IF(B52=B53,N52+1,1) -> 18 | Q53: =OFFSET(card_type!$A$1,MATCH(card!B53,card_type!B:B,0)-1,0) -> 1002 | R53: 1 | S53: =ROUND(IF(R53=0,0,IF(R53=1,X53*$S$1,IF(R53=2,X53*$S$1*buff的资质计算!$E$2,IF(R53=3,X53*$S$1*buff的资质计算!$E$3,0)))),0)*0 -> 0 | T53: 1 | U53: =J53*10+K53 -> 11 | V53: =ROUND((OFFSET(卡牌辅助配置表!$O$1,MATCH(U53,卡牌辅助配置表!M:M,0)-1,0)+(N53-1)*OFFSET(卡牌辅助配置表!$P$1,MATCH(U53,卡牌辅助配置表!M:M,0)-1,0))*M53,2) -> 9.82 | W53: =ROUND(IF(R53=0,0,IF(R53=1,X53*$W$1,IF(R53=2,X53*$W$1*buff的资质计算!$E$2,IF(R53=3,X53*$W$1*buff的资质计算!$E$3,0)))),2) -> 3.15 | X53: =M53*($M$1+(J53-1)*$J$1+(K53-1)*$K$1)+G53+$J$1*(N53-1)/$N$1 -> 10.5 | Y53: =X53+H53 -> 10.5 | Z53: =Y53/M53 -> 10.5 | AA53: =OFFSET(卡牌辅助配置表!$AD$1,MATCH(AB53,卡牌辅助配置表!AB:AB,0)-1,0) -> 396 | AB53: =J53*1000+K53*100+N53 -> 1118 | AF53: =((Q53*1000+1)*10+1)&$AF$1 -> 10020011| | AJ53: =IF(AN53=0,0,IF(AL53=0,$AM$1&$AF$1&AM53&$AF$1&$AJ$1,AK53&$AF$1&AL53&$AF$1&$AJ$1&$AM$1&$AF$1&AM53&$AF$1&$AJ$1)) -> 400023|5900|; | AK53: =OFFSET([1]item_type!$A$1,MATCH(Q53,[1]item_type!$G:$G,0)-1,0) -> 301002 | AM53: =IF(B53=B54,OFFSET(卡牌辅助配置表!$AE$1,MATCH(AB53,卡牌辅助配置表!AB:AB,0),0),0) -> 5900 | AN53: =IF(B53=B54,A53+1,0) -> 1002019 | AP53: =IF(AC53=0,0,IF(AC53=12,0,OFFSET(effect!$N$1,MATCH(K53,effect!M:M,0)-1,0))) -> 0
A54: =Q54*1000+N54 -> 1002019 | B54: 白龙掌 | C54: 1 | D54: 6 | E54: 造成%d点%s拳法伤害 | G54: -3 | H54: =IF(R54=0,Y54,0) -> 0 | J54: =OFFSET(card_type!$F$1,MATCH(Q54,card_type!A:A,0)-1,0) -> 1 | K54: =OFFSET(card_type!$G$1,MATCH(Q54,card_type!A:A,0)-1,0) -> 1 | L54: 1 | M54: 1 | N54: =IF(B53=B54,N53+1,1) -> 19 | Q54: =OFFSET(card_type!$A$1,MATCH(card!B54,card_type!B:B,0)-1,0) -> 1002 | R54: 1 | S54: =ROUND(IF(R54=0,0,IF(R54=1,X54*$S$1,IF(R54=2,X54*$S$1*buff的资质计算!$E$2,IF(R54=3,X54*$S$1*buff的资质计算!$E$3,0)))),0)*0 -> 0 | T54: 1 | U54: =J54*10+K54 -> 11 | V54: =ROUND((OFFSET(卡牌辅助配置表!$O$1,MATCH(U54,卡牌辅助配置表!M:M,0)-1,0)+(N54-1)*OFFSET(卡牌辅助配置表!$P$1,MATCH(U54,卡牌辅助配置表!M:M,0)-1,0))*M54,2) -> 10.03 | W54: =ROUND(IF(R54=0,0,IF(R54=1,X54*$W$1,IF(R54=2,X54*$W$1*buff的资质计算!$E$2,IF(R54=3,X54*$W$1*buff的资质计算!$E$3,0)))),2) -> 3.3 | X54: =M54*($M$1+(J54-1)*$J$1+(K54-1)*$K$1)+G54+$J$1*(N54-1)/$N$1 -> 11 | Y54: =X54+H54 -> 11 | Z54: =Y54/M54 -> 11 | AA54: =OFFSET(卡牌辅助配置表!$AD$1,MATCH(AB54,卡牌辅助配置表!AB:AB,0)-1,0) -> 423 | AB54: =J54*1000+K54*100+N54 -> 1119 | AF54: =((Q54*1000+1)*10+1)&$AF$1 -> 10020011| | AJ54: =IF(AN54=0,0,IF(AL54=0,$AM$1&$AF$1&AM54&$AF$1&$AJ$1,AK54&$AF$1&AL54&$AF$1&$AJ$1&$AM$1&$AF$1&AM54&$AF$1&$AJ$1)) -> 301002|20|;400023|6300|; | AK54: =OFFSET([1]item_type!$A$1,MATCH(Q54,[1]item_type!$G:$G,0)-1,0) -> 301002 | AL54: 20 | AM54: =IF(B54=B55,OFFSET(卡牌辅助配置表!$AE$1,MATCH(AB54,卡牌辅助配置表!AB:AB,0),0),0) -> 6300 | AN54: =IF(B54=B55,A54+1,0) -> 1002020 | AP54: =IF(AC54=0,0,IF(AC54=12,0,OFFSET(effect!$N$1,MATCH(K54,effect!M:M,0)-1,0))) -> 0
A55: =Q55*1000+N55 -> 1002020 | B55: 白龙掌 | C55: 1 | D55: 6 | E55: 造成%d点%s拳法伤害 | G55: -3 | H55: =IF(R55=0,Y55,0) -> 0 | J55: =OFFSET(card_type!$F$1,MATCH(Q55,card_type!A:A,0)-1,0) -> 1 | K55: =OFFSET(card_type!$G$1,MATCH(Q55,card_type!A:A,0)-1,0) -> 1 | L55: 1 | M55: 1 | N55: =IF(B54=B55,N54+1,1) -> 20 | Q55: =OFFSET(card_type!$A$1,MATCH(card!B55,card_type!B:B,0)-1,0) -> 1002 | R55: 1 | S55: =ROUND(IF(R55=0,0,IF(R55=1,X55*$S$1,IF(R55=2,X55*$S$1*buff的资质计算!$E$2,IF(R55=3,X55*$S$1*buff的资质计算!$E$3,0)))),0)*0 -> 0 | T55: 1 | U55: =J55*10+K55 -> 11 | V55: =ROUND((OFFSET(卡牌辅助配置表!$O$1,MATCH(U55,卡牌辅助配置表!M:M,0)-1,0)+(N55-1)*OFFSET(卡牌辅助配置表!$P$1,MATCH(U55,卡牌辅助配置表!M:M,0)-1,0))*M55,2) -> 10.24 | W55: =ROUND(IF(R55=0,0,IF(R55=1,X55*$W$1,IF(R55=2,X55*$W$1*buff的资质计算!$E$2,IF(R55=3,X55*$W$1*buff的资质计算!$E$3,0)))),2) -> 3.45 | X55: =M55*($M$1+(J55-1)*$J$1+(K55-1)*$K$1)+G55+$J$1*(N55-1)/$N$1 -> 11.5 | Y55: =X55+H55 -> 11.5 | Z55: =Y55/M55 -> 11.5 | AA55: =OFFSET(卡牌辅助配置表!$AD$1,MATCH(AB55,卡牌辅助配置表!AB:AB,0)-1,0) -> 450 | AB55: =J55*1000+K55*100+N55 -> 1120 | AF55: =((Q55*1000+1)*10+1)&$AF$1 -> 10020011| | AJ55: =IF(AN55=0,0,IF(AL55=0,$AM$1&$AF$1&AM55&$AF$1&$AJ$1,AK55&$AF$1&AL55&$AF$1&$AJ$1&$AM$1&$AF$1&AM55&$AF$1&$AJ$1)) -> 400023|7100|; | AK55: =OFFSET([1]item_type!$A$1,MATCH(Q55,[1]item_type!$G:$G,0)-1,0) -> 301002 | AM55: =IF(B55=B56,OFFSET(卡牌辅助配置表!$AE$1,MATCH(AB55,卡牌辅助配置表!AB:AB,0),0),0) -> 7100 | AN55: =IF(B55=B56,A55+1,0) -> 1002021 | AP55: =IF(AC55=0,0,IF(AC55=12,0,OFFSET(effect!$N$1,MATCH(K55,effect!M:M,0)-1,0))) -> 0
A56: =Q56*1000+N56 -> 1002021 | B56: 白龙掌 | C56: 1 | D56: 6 | E56: 造成%d点%s拳法伤害 | G56: -3 | H56: =IF(R56=0,Y56,0) -> 0 | J56: =OFFSET(card_type!$F$1,MATCH(Q56,card_type!A:A,0)-1,0) -> 1 | K56: =OFFSET(card_type!$G$1,MATCH(Q56,card_type!A:A,0)-1,0) -> 1 | L56: 1 | M56: 1 | N56: =IF(B55=B56,N55+1,1) -> 21 | Q56: =OFFSET(card_type!$A$1,MATCH(card!B56,card_type!B:B,0)-1,0) -> 1002 | R56: 1 | S56: =ROUND(IF(R56=0,0,IF(R56=1,X56*$S$1,IF(R56=2,X56*$S$1*buff的资质计算!$E$2,IF(R56=3,X56*$S$1*buff的资质计算!$E$3,0)))),0)*0 -> 0 | T56: 1 | U56: =J56*10+K56 -> 11 | V56: =ROUND((OFFSET(卡牌辅助配置表!$O$1,MATCH(U56,卡牌辅助配置表!M:M,0)-1,0)+(N56-1)*OFFSET(卡牌辅助配置表!$P$1,MATCH(U56,卡牌辅助配置表!M:M,0)-1,0))*M56,2) -> 10.45 | W56: =ROUND(IF(R56=0,0,IF(R56=1,X56*$W$1,IF(R56=2,X56*$W$1*buff的资质计算!$E$2,IF(R56=3,X56*$W$1*buff的资质计算!$E$3,0)))),2) -> 3.6 | X56: =M56*($M$1+(J56-1)*$J$1+(K56-1)*$K$1)+G56+$J$1*(N56-1)/$N$1 -> 12 | Y56: =X56+H56 -> 12 | Z56: =Y56/M56 -> 12 | AA56: =OFFSET(卡牌辅助配置表!$AD$1,MATCH(AB56,卡牌辅助配置表!AB:AB,0)-1,0) -> 486 | AB56: =J56*1000+K56*100+N56 -> 1121 | AF56: =((Q56*1000+1)*10+1)&$AF$1 -> 10020011| | AJ56: =IF(AN56=0,0,IF(AL56=0,$AM$1&$AF$1&AM56&$AF$1&$AJ$1,AK56&$AF$1&AL56&$AF$1&$AJ$1&$AM$1&$AF$1&AM56&$AF$1&$AJ$1)) -> 400023|7900|; | AK56: =OFFSET([1]item_type!$A$1,MATCH(Q56,[1]item_type!$G:$G,0)-1,0) -> 301002 | AM56: =IF(B56=B57,OFFSET(卡牌辅助配置表!$AE$1,MATCH(AB56,卡牌辅助配置表!AB:AB,0),0),0) -> 7900 | AN56: =IF(B56=B57,A56+1,0) -> 1002022 | AP56: =IF(AC56=0,0,IF(AC56=12,0,OFFSET(effect!$N$1,MATCH(K56,effect!M:M,0)-1,0))) -> 0
A57: =Q57*1000+N57 -> 1002022 | B57: 白龙掌 | C57: 1 | D57: 6 | E57: 造成%d点%s拳法伤害 | G57: -3 | H57: =IF(R57=0,Y57,0) -> 0 | J57: =OFFSET(card_type!$F$1,MATCH(Q57,card_type!A:A,0)-1,0) -> 1 | K57: =OFFSET(card_type!$G$1,MATCH(Q57,card_type!A:A,0)-1,0) -> 1 | L57: 1 | M57: 1 | N57: =IF(B56=B57,N56+1,1) -> 22 | Q57: =OFFSET(card_type!$A$1,MATCH(card!B57,card_type!B:B,0)-1,0) -> 1002 | R57: 1 | S57: =ROUND(IF(R57=0,0,IF(R57=1,X57*$S$1,IF(R57=2,X57*$S$1*buff的资质计算!$E$2,IF(R57=3,X57*$S$1*buff的资质计算!$E$3,0)))),0)*0 -> 0 | T57: 1 | U57: =J57*10+K57 -> 11 | V57: =ROUND((OFFSET(卡牌辅助配置表!$O$1,MATCH(U57,卡牌辅助配置表!M:M,0)-1,0)+(N57-1)*OFFSET(卡牌辅助配置表!$P$1,MATCH(U57,卡牌辅助配置表!M:M,0)-1,0))*M57,2) -> 10.66 | W57: =ROUND(IF(R57=0,0,IF(R57=1,X57*$W$1,IF(R57=2,X57*$W$1*buff的资质计算!$E$2,IF(R57=3,X57*$W$1*buff的资质计算!$E$3,0)))),2) -> 3.75 | X57: =M57*($M$1+(J57-1)*$J$1+(K57-1)*$K$1)+G57+$J$1*(N57-1)/$N$1 -> 12.5 | Y57: =X57+H57 -> 12.5 | Z57: =Y57/M57 -> 12.5 | AA57: =OFFSET(卡牌辅助配置表!$AD$1,MATCH(AB57,卡牌辅助配置表!AB:AB,0)-1,0) -> 522 | AB57: =J57*1000+K57*100+N57 -> 1122 | AF57: =((Q57*1000+1)*10+1)&$AF$1 -> 10020011| | AJ57: =IF(AN57=0,0,IF(AL57=0,$AM$1&$AF$1&AM57&$AF$1&$AJ$1,AK57&$AF$1&AL57&$AF$1&$AJ$1&$AM$1&$AF$1&AM57&$AF$1&$AJ$1)) -> 400023|8700|; | AK57: =OFFSET([1]item_type!$A$1,MATCH(Q57,[1]item_type!$G:$G,0)-1,0) -> 301002 | AM57: =IF(B57=B58,OFFSET(卡牌辅助配置表!$AE$1,MATCH(AB57,卡牌辅助配置表!AB:AB,0),0),0) -> 8700 | AN57: =IF(B57=B58,A57+1,0) -> 1002023 | AP57: =IF(AC57=0,0,IF(AC57=12,0,OFFSET(effect!$N$1,MATCH(K57,effect!M:M,0)-1,0))) -> 0
A58: =Q58*1000+N58 -> 1002023 | B58: 白龙掌 | C58: 1 | D58: 6 | E58: 造成%d点%s拳法伤害 | G58: -3 | H58: =IF(R58=0,Y58,0) -> 0 | J58: =OFFSET(card_type!$F$1,MATCH(Q58,card_type!A:A,0)-1,0) -> 1 | K58: =OFFSET(card_type!$G$1,MATCH(Q58,card_type!A:A,0)-1,0) -> 1 | L58: 1 | M58: 1 | N58: =IF(B57=B58,N57+1,1) -> 23 | Q58: =OFFSET(card_type!$A$1,MATCH(card!B58,card_type!B:B,0)-1,0) -> 1002 | R58: 1 | S58: =ROUND(IF(R58=0,0,IF(R58=1,X58*$S$1,IF(R58=2,X58*$S$1*buff的资质计算!$E$2,IF(R58=3,X58*$S$1*buff的资质计算!$E$3,0)))),0)*0 -> 0 | T58: 1 | U58: =J58*10+K58 -> 11 | V58: =ROUND((OFFSET(卡牌辅助配置表!$O$1,MATCH(U58,卡牌辅助配置表!M:M,0)-1,0)+(N58-1)*OFFSET(卡牌辅助配置表!$P$1,MATCH(U58,卡牌辅助配置表!M:M,0)-1,0))*M58,2) -> 10.87 | W58: =ROUND(IF(R58=0,0,IF(R58=1,X58*$W$1,IF(R58=2,X58*$W$1*buff的资质计算!$E$2,IF(R58=3,X58*$W$1*buff的资质计算!$E$3,0)))),2) -> 3.9 | X58: =M58*($M$1+(J58-1)*$J$1+(K58-1)*$K$1)+G58+$J$1*(N58-1)/$N$1 -> 13 | Y58: =X58+H58 -> 13 | Z58: =Y58/M58 -> 13 | AA58: =OFFSET(卡牌辅助配置表!$AD$1,MATCH(AB58,卡牌辅助配置表!AB:AB,0)-1,0) -> 558 | AB58: =J58*1000+K58*100+N58 -> 1123 | AF58: =((Q58*1000+1)*10+1)&$AF$1 -> 10020011| | AJ58: =IF(AN58=0,0,IF(AL58=0,$AM$1&$AF$1&AM58&$AF$1&$AJ$1,AK58&$AF$1&AL58&$AF$1&$AJ$1&$AM$1&$AF$1&AM58&$AF$1&$AJ$1)) -> 400023|9500|; | AK58: =OFFSET([1]item_type!$A$1,MATCH(Q58,[1]item_type!$G:$G,0)-1,0) -> 301002 | AM58: =IF(B58=B59,OFFSET(卡牌辅助配置表!$AE$1,MATCH(AB58,卡牌辅助配置表!AB:AB,0),0),0) -> 9500 | AN58: =IF(B58=B59,A58+1,0) -> 1002024 | AP58: =IF(AC58=0,0,IF(AC58=12,0,OFFSET(effect!$N$1,MATCH(K58,effect!M:M,0)-1,0))) -> 0
A59: =Q59*1000+N59 -> 1002024 | B59: 白龙掌 | C59: 1 | D59: 6 | E59: 造成%d点%s拳法伤害 | G59: -3 | H59: =IF(R59=0,Y59,0) -> 0 | J59: =OFFSET(card_type!$F$1,MATCH(Q59,card_type!A:A,0)-1,0) -> 1 | K59: =OFFSET(card_type!$G$1,MATCH(Q59,card_type!A:A,0)-1,0) -> 1 | L59: 1 | M59: 1 | N59: =IF(B58=B59,N58+1,1) -> 24 | Q59: =OFFSET(card_type!$A$1,MATCH(card!B59,card_type!B:B,0)-1,0) -> 1002 | R59: 1 | S59: =ROUND(IF(R59=0,0,IF(R59=1,X59*$S$1,IF(R59=2,X59*$S$1*buff的资质计算!$E$2,IF(R59=3,X59*$S$1*buff的资质计算!$E$3,0)))),0)*0 -> 0 | T59: 1 | U59: =J59*10+K59 -> 11 | V59: =ROUND((OFFSET(卡牌辅助配置表!$O$1,MATCH(U59,卡牌辅助配置表!M:M,0)-1,0)+(N59-1)*OFFSET(卡牌辅助配置表!$P$1,MATCH(U59,卡牌辅助配置表!M:M,0)-1,0))*M59,2) -> 11.08 | W59: =ROUND(IF(R59=0,0,IF(R59=1,X59*$W$1,IF(R59=2,X59*$W$1*buff的资质计算!$E$2,IF(R59=3,X59*$W$1*buff的资质计算!$E$3,0)))),2) -> 4.05 | X59: =M59*($M$1+(J59-1)*$J$1+(K59-1)*$K$1)+G59+$J$1*(N59-1)/$N$1 -> 13.5 | Y59: =X59+H59 -> 13.5 | Z59: =Y59/M59 -> 13.5 | AA59: =OFFSET(卡牌辅助配置表!$AD$1,MATCH(AB59,卡牌辅助配置表!AB:AB,0)-1,0) -> 594 | AB59: =J59*1000+K59*100+N59 -> 1124 | AF59: =((Q59*1000+1)*10+1)&$AF$1 -> 10020011| | AJ59: =IF(AN59=0,0,IF(AL59=0,$AM$1&$AF$1&AM59&$AF$1&$AJ$1,AK59&$AF$1&AL59&$AF$1&$AJ$1&$AM$1&$AF$1&AM59&$AF$1&$AJ$1)) -> 400023|10300|; | AK59: =OFFSET([1]item_type!$A$1,MATCH(Q59,[1]item_type!$G:$G,0)-1,0) -> 301002 | AM59: =IF(B59=B60,OFFSET(卡牌辅助配置表!$AE$1,MATCH(AB59,卡牌辅助配置表!AB:AB,0),0),0) -> 10300 | AN59: =IF(B59=B60,A59+1,0) -> 1002025 | AP59: =IF(AC59=0,0,IF(AC59=12,0,OFFSET(effect!$N$1,MATCH(K59,effect!M:M,0)-1,0))) -> 0
A60: =Q60*1000+N60 -> 1002025 | B60: 白龙掌 | C60: 1 | D60: 6 | E60: 造成%d点%s拳法伤害 | G60: -3 | H60: =IF(R60=0,Y60,0) -> 0 | J60: =OFFSET(card_type!$F$1,MATCH(Q60,card_type!A:A,0)-1,0) -> 1 | K60: =OFFSET(card_type!$G$1,MATCH(Q60,card_type!A:A,0)-1,0) -> 1 | L60: 1 | M60: 1 | N60: =IF(B59=B60,N59+1,1) -> 25 | Q60: =OFFSET(card_type!$A$1,MATCH(card!B60,card_type!B:B,0)-1,0) -> 1002 | R60: 1 | S60: =ROUND(IF(R60=0,0,IF(R60=1,X60*$S$1,IF(R60=2,X60*$S$1*buff的资质计算!$E$2,IF(R60=3,X60*$S$1*buff的资质计算!$E$3,0)))),0)*0 -> 0 | T60: 1 | U60: =J60*10+K60 -> 11 | V60: =ROUND((OFFSET(卡牌辅助配置表!$O$1,MATCH(U60,卡牌辅助配置表!M:M,0)-1,0)+(N60-1)*OFFSET(卡牌辅助配置表!$P$1,MATCH(U60,卡牌辅助配置表!M:M,0)-1,0))*M60,2) -> 11.29 | W60: =ROUND(IF(R60=0,0,IF(R60=1,X60*$W$1,IF(R60=2,X60*$W$1*buff的资质计算!$E$2,IF(R60=3,X60*$W$1*buff的资质计算!$E$3,0)))),2) -> 4.2 | X60: =M60*($M$1+(J60-1)*$J$1+(K60-1)*$K$1)+G60+$J$1*(N60-1)/$N$1 -> 14 | Y60: =X60+H60 -> 14 | Z60: =Y60/M60 -> 14 | AA60: =OFFSET(卡牌辅助配置表!$AD$1,MATCH(AB60,卡牌辅助配置表!AB:AB,0)-1,0) -> 630 | AB60: =J60*1000+K60*100+N60 -> 1125 | AF60: =((Q60*1000+1)*10+1)&$AF$1 -> 10020011| | AJ60: =IF(AN60=0,0,IF(AL60=0,$AM$1&$AF$1&AM60&$AF$1&$AJ$1,AK60&$AF$1&AL60&$AF$1&$AJ$1&$AM$1&$AF$1&AM60&$AF$1&$AJ$1)) -> 400023|11100|; | AK60: =OFFSET([1]item_type!$A$1,MATCH(Q60,[1]item_type!$G:$G,0)-1,0) -> 301002 | AM60: =IF(B60=B61,OFFSET(卡牌辅助配置表!$AE$1,MATCH(AB60,卡牌辅助配置表!AB:AB,0),0),0) -> 11100 | AN60: =IF(B60=B61,A60+1,0) -> 1002026 | AP60: =IF(AC60=0,0,IF(AC60=12,0,OFFSET(effect!$N$1,MATCH(K60,effect!M:M,0)-1,0))) -> 0
A61: =Q61*1000+N61 -> 1002026 | B61: 白龙掌 | C61: 1 | D61: 6 | E61: 造成%d点%s拳法伤害 | G61: -3 | H61: =IF(R61=0,Y61,0) -> 0 | J61: =OFFSET(card_type!$F$1,MATCH(Q61,card_type!A:A,0)-1,0) -> 1 | K61: =OFFSET(card_type!$G$1,MATCH(Q61,card_type!A:A,0)-1,0) -> 1 | L61: 1 | M61: 1 | N61: =IF(B60=B61,N60+1,1) -> 26 | Q61: =OFFSET(card_type!$A$1,MATCH(card!B61,card_type!B:B,0)-1,0) -> 1002 | R61: 1 | S61: =ROUND(IF(R61=0,0,IF(R61=1,X61*$S$1,IF(R61=2,X61*$S$1*buff的资质计算!$E$2,IF(R61=3,X61*$S$1*buff的资质计算!$E$3,0)))),0)*0 -> 0 | T61: 1 | U61: =J61*10+K61 -> 11 | V61: =ROUND((OFFSET(卡牌辅助配置表!$O$1,MATCH(U61,卡牌辅助配置表!M:M,0)-1,0)+(N61-1)*OFFSET(卡牌辅助配置表!$P$1,MATCH(U61,卡牌辅助配置表!M:M,0)-1,0))*M61,2) -> 11.5 | W61: =ROUND(IF(R61=0,0,IF(R61=1,X61*$W$1,IF(R61=2,X61*$W$1*buff的资质计算!$E$2,IF(R61=3,X61*$W$1*buff的资质计算!$E$3,0)))),2) -> 4.35 | X61: =M61*($M$1+(J61-1)*$J$1+(K61-1)*$K$1)+G61+$J$1*(N61-1)/$N$1 -> 14.5 | Y61: =X61+H61 -> 14.5 | Z61: =Y61/M61 -> 14.5 | AA61: =OFFSET(卡牌辅助配置表!$AD$1,MATCH(AB61,卡牌辅助配置表!AB:AB,0)-1,0) -> 666 | AB61: =J61*1000+K61*100+N61 -> 1126 | AF61: =((Q61*1000+1)*10+1)&$AF$1 -> 10020011| | AJ61: =IF(AN61=0,0,IF(AL61=0,$AM$1&$AF$1&AM61&$AF$1&$AJ$1,AK61&$AF$1&AL61&$AF$1&$AJ$1&$AM$1&$AF$1&AM61&$AF$1&$AJ$1)) -> 400023|11900|; | AK61: =OFFSET([1]item_type!$A$1,MATCH(Q61,[1]item_type!$G:$G,0)-1,0) -> 301002 | AM61: =IF(B61=B62,OFFSET(卡牌辅助配置表!$AE$1,MATCH(AB61,卡牌辅助配置表!AB:AB,0),0),0) -> 11900 | AN61: =IF(B61=B62,A61+1,0) -> 1002027 | AP61: =IF(AC61=0,0,IF(AC61=12,0,OFFSET(effect!$N$1,MATCH(K61,effect!M:M,0)-1,0))) -> 0
A62: =Q62*1000+N62 -> 1002027 | B62: 白龙掌 | C62: 1 | D62: 6 | E62: 造成%d点%s拳法伤害 | G62: -3 | H62: =IF(R62=0,Y62,0) -> 0 | J62: =OFFSET(card_type!$F$1,MATCH(Q62,card_type!A:A,0)-1,0) -> 1 | K62: =OFFSET(card_type!$G$1,MATCH(Q62,card_type!A:A,0)-1,0) -> 1 | L62: 1 | M62: 1 | N62: =IF(B61=B62,N61+1,1) -> 27 | Q62: =OFFSET(card_type!$A$1,MATCH(card!B62,card_type!B:B,0)-1,0) -> 1002 | R62: 1 | S62: =ROUND(IF(R62=0,0,IF(R62=1,X62*$S$1,IF(R62=2,X62*$S$1*buff的资质计算!$E$2,IF(R62=3,X62*$S$1*buff的资质计算!$E$3,0)))),0)*0 -> 0 | T62: 1 | U62: =J62*10+K62 -> 11 | V62: =ROUND((OFFSET(卡牌辅助配置表!$O$1,MATCH(U62,卡牌辅助配置表!M:M,0)-1,0)+(N62-1)*OFFSET(卡牌辅助配置表!$P$1,MATCH(U62,卡牌辅助配置表!M:M,0)-1,0))*M62,2) -> 11.7 | W62: =ROUND(IF(R62=0,0,IF(R62=1,X62*$W$1,IF(R62=2,X62*$W$1*buff的资质计算!$E$2,IF(R62=3,X62*$W$1*buff的资质计算!$E$3,0)))),2) -> 4.5 | X62: =M62*($M$1+(J62-1)*$J$1+(K62-1)*$K$1)+G62+$J$1*(N62-1)/$N$1 -> 15 | Y62: =X62+H62 -> 15 | Z62: =Y62/M62 -> 15 | AA62: =OFFSET(卡牌辅助配置表!$AD$1,MATCH(AB62,卡牌辅助配置表!AB:AB,0)-1,0) -> 702 | AB62: =J62*1000+K62*100+N62 -> 1127 | AF62: =((Q62*1000+1)*10+1)&$AF$1 -> 10020011| | AJ62: =IF(AN62=0,0,IF(AL62=0,$AM$1&$AF$1&AM62&$AF$1&$AJ$1,AK62&$AF$1&AL62&$AF$1&$AJ$1&$AM$1&$AF$1&AM62&$AF$1&$AJ$1)) -> 400023|12700|; | AK62: =OFFSET([1]item_type!$A$1,MATCH(Q62,[1]item_type!$G:$G,0)-1,0) -> 301002 | AM62: =IF(B62=B63,OFFSET(卡牌辅助配置表!$AE$1,MATCH(AB62,卡牌辅助配置表!AB:AB,0),0),0) -> 12700 | AN62: =IF(B62=B63,A62+1,0) -> 1002028 | AP62: =IF(AC62=0,0,IF(AC62=12,0,OFFSET(effect!$N$1,MATCH(K62,effect!M:M,0)-1,0))) -> 0
A63: =Q63*1000+N63 -> 1002028 | B63: 白龙掌 | C63: 1 | D63: 6 | E63: 造成%d点%s拳法伤害 | G63: -3 | H63: =IF(R63=0,Y63,0) -> 0 | J63: =OFFSET(card_type!$F$1,MATCH(Q63,card_type!A:A,0)-1,0) -> 1 | K63: =OFFSET(card_type!$G$1,MATCH(Q63,card_type!A:A,0)-1,0) -> 1 | L63: 1 | M63: 1 | N63: =IF(B62=B63,N62+1,1) -> 28 | Q63: =OFFSET(card_type!$A$1,MATCH(card!B63,card_type!B:B,0)-1,0) -> 1002 | R63: 1 | S63: =ROUND(IF(R63=0,0,IF(R63=1,X63*$S$1,IF(R63=2,X63*$S$1*buff的资质计算!$E$2,IF(R63=3,X63*$S$1*buff的资质计算!$E$3,0)))),0)*0 -> 0 | T63: 1 | U63: =J63*10+K63 -> 11 | V63: =ROUND((OFFSET(卡牌辅助配置表!$O$1,MATCH(U63,卡牌辅助配置表!M:M,0)-1,0)+(N63-1)*OFFSET(卡牌辅助配置表!$P$1,MATCH(U63,卡牌辅助配置表!M:M,0)-1,0))*M63,2) -> 11.91 | W63: =ROUND(IF(R63=0,0,IF(R63=1,X63*$W$1,IF(R63=2,X63*$W$1*buff的资质计算!$E$2,IF(R63=3,X63*$W$1*buff的资质计算!$E$3,0)))),2) -> 4.65 | X63: =M63*($M$1+(J63-1)*$J$1+(K63-1)*$K$1)+G63+$J$1*(N63-1)/$N$1 -> 15.5 | Y63: =X63+H63 -> 15.5 | Z63: =Y63/M63 -> 15.5 | AA63: =OFFSET(卡牌辅助配置表!$AD$1,MATCH(AB63,卡牌辅助配置表!AB:AB,0)-1,0) -> 738 | AB63: =J63*1000+K63*100+N63 -> 1128 | AF63: =((Q63*1000+1)*10+1)&$AF$1 -> 10020011| | AJ63: =IF(AN63=0,0,IF(AL63=0,$AM$1&$AF$1&AM63&$AF$1&$AJ$1,AK63&$AF$1&AL63&$AF$1&$AJ$1&$AM$1&$AF$1&AM63&$AF$1&$AJ$1)) -> 400023|13500|; | AK63: =OFFSET([1]item_type!$A$1,MATCH(Q63,[1]item_type!$G:$G,0)-1,0) -> 301002 | AM63: =IF(B63=B64,OFFSET(卡牌辅助配置表!$AE$1,MATCH(AB63,卡牌辅助配置表!AB:AB,0),0),0) -> 13500 | AN63: =IF(B63=B64,A63+1,0) -> 1002029 | AP63: =IF(AC63=0,0,IF(AC63=12,0,OFFSET(effect!$N$1,MATCH(K63,effect!M:M,0)-1,0))) -> 0
A64: =Q64*1000+N64 -> 1002029 | B64: 白龙掌 | C64: 1 | D64: 6 | E64: 造成%d点%s拳法伤害 | G64: -3 | H64: =IF(R64=0,Y64,0) -> 0 | J64: =OFFSET(card_type!$F$1,MATCH(Q64,card_type!A:A,0)-1,0) -> 1 | K64: =OFFSET(card_type!$G$1,MATCH(Q64,card_type!A:A,0)-1,0) -> 1 | L64: 1 | M64: 1 | N64: =IF(B63=B64,N63+1,1) -> 29 | Q64: =OFFSET(card_type!$A$1,MATCH(card!B64,card_type!B:B,0)-1,0) -> 1002 | R64: 1 | S64: =ROUND(IF(R64=0,0,IF(R64=1,X64*$S$1,IF(R64=2,X64*$S$1*buff的资质计算!$E$2,IF(R64=3,X64*$S$1*buff的资质计算!$E$3,0)))),0)*0 -> 0 | T64: 1 | U64: =J64*10+K64 -> 11 | V64: =ROUND((OFFSET(卡牌辅助配置表!$O$1,MATCH(U64,卡牌辅助配置表!M:M,0)-1,0)+(N64-1)*OFFSET(卡牌辅助配置表!$P$1,MATCH(U64,卡牌辅助配置表!M:M,0)-1,0))*M64,2) -> 12.12 | W64: =ROUND(IF(R64=0,0,IF(R64=1,X64*$W$1,IF(R64=2,X64*$W$1*buff的资质计算!$E$2,IF(R64=3,X64*$W$1*buff的资质计算!$E$3,0)))),2) -> 4.8 | X64: =M64*($M$1+(J64-1)*$J$1+(K64-1)*$K$1)+G64+$J$1*(N64-1)/$N$1 -> 16 | Y64: =X64+H64 -> 16 | Z64: =Y64/M64 -> 16 | AA64: =OFFSET(卡牌辅助配置表!$AD$1,MATCH(AB64,卡牌辅助配置表!AB:AB,0)-1,0) -> 774 | AB64: =J64*1000+K64*100+N64 -> 1129 | AF64: =((Q64*1000+1)*10+1)&$AF$1 -> 10020011| | AJ64: =IF(AN64=0,0,IF(AL64=0,$AM$1&$AF$1&AM64&$AF$1&$AJ$1,AK64&$AF$1&AL64&$AF$1&$AJ$1&$AM$1&$AF$1&AM64&$AF$1&$AJ$1)) -> 301002|30|;400023|14300|; | AK64: =OFFSET([1]item_type!$A$1,MATCH(Q64,[1]item_type!$G:$G,0)-1,0) -> 301002 | AL64: 30 | AM64: =IF(B64=B65,OFFSET(卡牌辅助配置表!$AE$1,MATCH(AB64,卡牌辅助配置表!AB:AB,0),0),0) -> 14300 | AN64: =IF(B64=B65,A64+1,0) -> 1002030 | AP64: =IF(AC64=0,0,IF(AC64=12,0,OFFSET(effect!$N$1,MATCH(K64,effect!M:M,0)-1,0))) -> 0
A65: =Q65*1000+N65 -> 1002030 | B65: 白龙掌 | C65: 1 | D65: 6 | E65: 造成%d点%s拳法伤害 | G65: -3 | H65: =IF(R65=0,Y65,0) -> 0 | J65: =OFFSET(card_type!$F$1,MATCH(Q65,card_type!A:A,0)-1,0) -> 1 | K65: =OFFSET(card_type!$G$1,MATCH(Q65,card_type!A:A,0)-1,0) -> 1 | L65: 1 | M65: 1 | N65: =IF(B64=B65,N64+1,1) -> 30 | Q65: =OFFSET(card_type!$A$1,MATCH(card!B65,card_type!B:B,0)-1,0) -> 1002 | R65: 1 | S65: =ROUND(IF(R65=0,0,IF(R65=1,X65*$S$1,IF(R65=2,X65*$S$1*buff的资质计算!$E$2,IF(R65=3,X65*$S$1*buff的资质计算!$E$3,0)))),0)*0 -> 0 | T65: 1 | U65: =J65*10+K65 -> 11 | V65: =ROUND((OFFSET(卡牌辅助配置表!$O$1,MATCH(U65,卡牌辅助配置表!M:M,0)-1,0)+(N65-1)*OFFSET(卡牌辅助配置表!$P$1,MATCH(U65,卡牌辅助配置表!M:M,0)-1,0))*M65,2) -> 12.33 | W65: =ROUND(IF(R65=0,0,IF(R65=1,X65*$W$1,IF(R65=2,X65*$W$1*buff的资质计算!$E$2,IF(R65=3,X65*$W$1*buff的资质计算!$E$3,0)))),2) -> 4.95 | X65: =M65*($M$1+(J65-1)*$J$1+(K65-1)*$K$1)+G65+$J$1*(N65-1)/$N$1 -> 16.5 | Y65: =X65+H65 -> 16.5 | Z65: =Y65/M65 -> 16.5 | AA65: =OFFSET(卡牌辅助配置表!$AD$1,MATCH(AB65,卡牌辅助配置表!AB:AB,0)-1,0) -> 810 | AB65: =J65*1000+K65*100+N65 -> 1130 | AF65: =((Q65*1000+1)*10+1)&$AF$1 -> 10020011| | AJ65: =IF(AN65=0,0,IF(AL65=0,$AM$1&$AF$1&AM65&$AF$1&$AJ$1,AK65&$AF$1&AL65&$AF$1&$AJ$1&$AM$1&$AF$1&AM65&$AF$1&$AJ$1)) -> 0 | AK65: =OFFSET([1]item_type!$A$1,MATCH(Q65,[1]item_type!$G:$G,0)-1,0) -> 301002 | AM65: =IF(B65=B66,OFFSET(卡牌辅助配置表!$AE$1,MATCH(AB65,卡牌辅助配置表!AB:AB,0),0),0) -> 0 | AN65: =IF(B65=B66,A65+1,0) -> 0 | AP65: =IF(AC65=0,0,IF(AC65=12,0,OFFSET(effect!$N$1,MATCH(K65,effect!M:M,0)-1,0))) -> 0
A66: =Q66*1000+N66 -> 1003001 | B66: 风罩拳 | C66: 1 | D66: 6 | E66: 造成%d点%s拳法伤害， | F66: ="上一招为拳法时，增加造成伤害"&skill!$O$8/100&"%的护甲" -> 上一招为拳法时，增加造成伤害30%的护甲 | G66: =OFFSET(卡牌辅助配置表!$C$1,MATCH(AC66,卡牌辅助配置表!A:A,0)-1,0) -> 3 | H66: 0.3 | J66: =OFFSET(card_type!$F$1,MATCH(Q66,card_type!A:A,0)-1,0) -> 1 | K66: =OFFSET(card_type!$G$1,MATCH(Q66,card_type!A:A,0)-1,0) -> 1 | L66: 2 | M66: 2 | N66: =IF(B65=B66,N65+1,1) -> 1 | Q66: =OFFSET(card_type!$A$1,MATCH(card!B66,card_type!B:B,0)-1,0) -> 1003 | R66: 1 | S66: =ROUND(IF(R66=0,0,IF(R66=1,X66*$S$1,IF(R66=2,X66*$S$1*buff的资质计算!$E$2,IF(R66=3,X66*$S$1*buff的资质计算!$E$3,0)))),0)*0 -> 0 | T66: 2 | U66: =J66*10+K66 -> 11 | V66: =ROUND((OFFSET(卡牌辅助配置表!$O$1,MATCH(U66,卡牌辅助配置表!M:M,0)-1,0)+(N66-1)*OFFSET(卡牌辅助配置表!$P$1,MATCH(U66,卡牌辅助配置表!M:M,0)-1,0))*M66,2) -> 12.54 | W66: =ROUND(IF(R66=0,0,IF(R66=1,X66*$W$1,IF(R66=2,X66*$W$1*buff的资质计算!$E$2,IF(R66=3,X66*$W$1*buff的资质计算!$E$3,0)))),2) -> 3.9 | X66: =M66*($M$1+(J66-1)*$J$1+(K66-1)*$K$1)+G66+$J$1*(N66-1)/$N$1 -> 13 | Y66: =X66+H66 -> 13.3 | Z66: =Y66/M66 -> 6.65 | AA66: =OFFSET(卡牌辅助配置表!$AD$1,MATCH(AB66,卡牌辅助配置表!AB:AB,0)-1,0) -> 18 | AB66: =J66*1000+K66*100+N66 -> 1101 | AC66: 3 | AE66: 1 | AF66: =((Q66*1000+1)*10+1)&$AF$1 -> 10030011| | AJ66: =IF(AN66=0,0,IF(AL66=0,$AM$1&$AF$1&AM66&$AF$1&$AJ$1,AK66&$AF$1&AL66&$AF$1&$AJ$1&$AM$1&$AF$1&AM66&$AF$1&$AJ$1)) -> 400023|700|; | AK66: =OFFSET([1]item_type!$A$1,MATCH(Q66,[1]item_type!$G:$G,0)-1,0) -> 301003 | AM66: =IF(B66=B67,OFFSET(卡牌辅助配置表!$AE$1,MATCH(AB66,卡牌辅助配置表!AB:AB,0),0),0) -> 700 | AN66: =IF(B66=B67,A66+1,0) -> 1003002 | AP66: =IF(AC66=0,0,IF(AC66=12,0,OFFSET(effect!$N$1,MATCH(K66,effect!M:M,0)-1,0))) -> kpsx_pt
A67: =Q67*1000+N67 -> 1003002 | B67: 风罩拳 | C67: 1 | D67: 6 | E67: 造成%d点%s拳法伤害， | F67: ="上一招为拳法时，增加造成伤害"&skill!$O$8/100&"%的护甲" -> 上一招为拳法时，增加造成伤害30%的护甲 | G67: =OFFSET(卡牌辅助配置表!$C$1,MATCH(AC67,卡牌辅助配置表!A:A,0)-1,0) -> 3 | H67: 0.3 | J67: =OFFSET(card_type!$F$1,MATCH(Q67,card_type!A:A,0)-1,0) -> 1 | K67: =OFFSET(card_type!$G$1,MATCH(Q67,card_type!A:A,0)-1,0) -> 1 | L67: 2 | M67: 2 | N67: =IF(B66=B67,N66+1,1) -> 2 | Q67: =OFFSET(card_type!$A$1,MATCH(card!B67,card_type!B:B,0)-1,0) -> 1003 | R67: 1 | S67: =ROUND(IF(R67=0,0,IF(R67=1,X67*$S$1,IF(R67=2,X67*$S$1*buff的资质计算!$E$2,IF(R67=3,X67*$S$1*buff的资质计算!$E$3,0)))),0)*0 -> 0 | T67: 2 | U67: =J67*10+K67 -> 11 | V67: =ROUND((OFFSET(卡牌辅助配置表!$O$1,MATCH(U67,卡牌辅助配置表!M:M,0)-1,0)+(N67-1)*OFFSET(卡牌辅助配置表!$P$1,MATCH(U67,卡牌辅助配置表!M:M,0)-1,0))*M67,2) -> 12.96 | W67: =ROUND(IF(R67=0,0,IF(R67=1,X67*$W$1,IF(R67=2,X67*$W$1*buff的资质计算!$E$2,IF(R67=3,X67*$W$1*buff的资质计算!$E$3,0)))),2) -> 4.05 | X67: =M67*($M$1+(J67-1)*$J$1+(K67-1)*$K$1)+G67+$J$1*(N67-1)/$N$1 -> 13.5 | Y67: =X67+H67 -> 13.8 | Z67: =Y67/M67 -> 6.9 | AA67: =OFFSET(卡牌辅助配置表!$AD$1,MATCH(AB67,卡牌辅助配置表!AB:AB,0)-1,0) -> 36 | AB67: =J67*1000+K67*100+N67 -> 1102 | AC67: 3 | AE67: 1 | AF67: =((Q67*1000+1)*10+1)&$AF$1 -> 10030011| | AJ67: =IF(AN67=0,0,IF(AL67=0,$AM$1&$AF$1&AM67&$AF$1&$AJ$1,AK67&$AF$1&AL67&$AF$1&$AJ$1&$AM$1&$AF$1&AM67&$AF$1&$AJ$1)) -> 400023|900|; | AK67: =OFFSET([1]item_type!$A$1,MATCH(Q67,[1]item_type!$G:$G,0)-1,0) -> 301003 | AM67: =IF(B67=B68,OFFSET(卡牌辅助配置表!$AE$1,MATCH(AB67,卡牌辅助配置表!AB:AB,0),0),0) -> 900 | AN67: =IF(B67=B68,A67+1,0) -> 1003003 | AP67: =IF(AC67=0,0,IF(AC67=12,0,OFFSET(effect!$N$1,MATCH(K67,effect!M:M,0)-1,0))) -> kpsx_pt
A68: =Q68*1000+N68 -> 1003003 | B68: 风罩拳 | C68: 1 | D68: 6 | E68: 造成%d点%s拳法伤害， | F68: ="上一招为拳法时，增加造成伤害"&skill!$O$8/100&"%的护甲" -> 上一招为拳法时，增加造成伤害30%的护甲 | G68: =OFFSET(卡牌辅助配置表!$C$1,MATCH(AC68,卡牌辅助配置表!A:A,0)-1,0) -> 3 | H68: 0.3 | J68: =OFFSET(card_type!$F$1,MATCH(Q68,card_type!A:A,0)-1,0) -> 1 | K68: =OFFSET(card_type!$G$1,MATCH(Q68,card_type!A:A,0)-1,0) -> 1 | L68: 2 | M68: 2 | N68: =IF(B67=B68,N67+1,1) -> 3 | Q68: =OFFSET(card_type!$A$1,MATCH(card!B68,card_type!B:B,0)-1,0) -> 1003 | R68: 1 | S68: =ROUND(IF(R68=0,0,IF(R68=1,X68*$S$1,IF(R68=2,X68*$S$1*buff的资质计算!$E$2,IF(R68=3,X68*$S$1*buff的资质计算!$E$3,0)))),0)*0 -> 0 | T68: 2 | U68: =J68*10+K68 -> 11 | V68: =ROUND((OFFSET(卡牌辅助配置表!$O$1,MATCH(U68,卡牌辅助配置表!M:M,0)-1,0)+(N68-1)*OFFSET(卡牌辅助配置表!$P$1,MATCH(U68,卡牌辅助配置表!M:M,0)-1,0))*M68,2) -> 13.38 | W68: =ROUND(IF(R68=0,0,IF(R68=1,X68*$W$1,IF(R68=2,X68*$W$1*buff的资质计算!$E$2,IF(R68=3,X68*$W$1*buff的资质计算!$E$3,0)))),2) -> 4.2 | X68: =M68*($M$1+(J68-1)*$J$1+(K68-1)*$K$1)+G68+$J$1*(N68-1)/$N$1 -> 14 | Y68: =X68+H68 -> 14.3 | Z68: =Y68/M68 -> 7.15 | AA68: =OFFSET(卡牌辅助配置表!$AD$1,MATCH(AB68,卡牌辅助配置表!AB:AB,0)-1,0) -> 54 | AB68: =J68*1000+K68*100+N68 -> 1103 | AC68: 3 | AE68: 1 | AF68: =((Q68*1000+1)*10+1)&$AF$1 -> 10030011| | AJ68: =IF(AN68=0,0,IF(AL68=0,$AM$1&$AF$1&AM68&$AF$1&$AJ$1,AK68&$AF$1&AL68&$AF$1&$AJ$1&$AM$1&$AF$1&AM68&$AF$1&$AJ$1)) -> 400023|1100|; | AK68: =OFFSET([1]item_type!$A$1,MATCH(Q68,[1]item_type!$G:$G,0)-1,0) -> 301003 | AM68: =IF(B68=B69,OFFSET(卡牌辅助配置表!$AE$1,MATCH(AB68,卡牌辅助配置表!AB:AB,0),0),0) -> 1100 | AN68: =IF(B68=B69,A68+1,0) -> 1003004 | AP68: =IF(AC68=0,0,IF(AC68=12,0,OFFSET(effect!$N$1,MATCH(K68,effect!M:M,0)-1,0))) -> kpsx_pt
A69: =Q69*1000+N69 -> 1003004 | B69: 风罩拳 | C69: 1 | D69: 6 | E69: 造成%d点%s拳法伤害， | F69: ="上一招为拳法时，增加造成伤害"&skill!$O$8/100&"%的护甲" -> 上一招为拳法时，增加造成伤害30%的护甲 | G69: =OFFSET(卡牌辅助配置表!$C$1,MATCH(AC69,卡牌辅助配置表!A:A,0)-1,0) -> 3 | H69: 0.3 | J69: =OFFSET(card_type!$F$1,MATCH(Q69,card_type!A:A,0)-1,0) -> 1 | K69: =OFFSET(card_type!$G$1,MATCH(Q69,card_type!A:A,0)-1,0) -> 1 | L69: 2 | M69: 2 | N69: =IF(B68=B69,N68+1,1) -> 4 | Q69: =OFFSET(card_type!$A$1,MATCH(card!B69,card_type!B:B,0)-1,0) -> 1003 | R69: 1 | S69: =ROUND(IF(R69=0,0,IF(R69=1,X69*$S$1,IF(R69=2,X69*$S$1*buff的资质计算!$E$2,IF(R69=3,X69*$S$1*buff的资质计算!$E$3,0)))),0)*0 -> 0 | T69: 2 | U69: =J69*10+K69 -> 11 | V69: =ROUND((OFFSET(卡牌辅助配置表!$O$1,MATCH(U69,卡牌辅助配置表!M:M,0)-1,0)+(N69-1)*OFFSET(卡牌辅助配置表!$P$1,MATCH(U69,卡牌辅助配置表!M:M,0)-1,0))*M69,2) -> 13.79 | W69: =ROUND(IF(R69=0,0,IF(R69=1,X69*$W$1,IF(R69=2,X69*$W$1*buff的资质计算!$E$2,IF(R69=3,X69*$W$1*buff的资质计算!$E$3,0)))),2) -> 4.35 | X69: =M69*($M$1+(J69-1)*$J$1+(K69-1)*$K$1)+G69+$J$1*(N69-1)/$N$1 -> 14.5 | Y69: =X69+H69 -> 14.8 | Z69: =Y69/M69 -> 7.4 | AA69: =OFFSET(卡牌辅助配置表!$AD$1,MATCH(AB69,卡牌辅助配置表!AB:AB,0)-1,0) -> 72 | AB69: =J69*1000+K69*100+N69 -> 1104 | AC69: 3 | AE69: 1 | AF69: =((Q69*1000+1)*10+1)&$AF$1 -> 10030011| | AJ69: =IF(AN69=0,0,IF(AL69=0,$AM$1&$AF$1&AM69&$AF$1&$AJ$1,AK69&$AF$1&AL69&$AF$1&$AJ$1&$AM$1&$AF$1&AM69&$AF$1&$AJ$1)) -> 400023|1300|; | AK69: =OFFSET([1]item_type!$A$1,MATCH(Q69,[1]item_type!$G:$G,0)-1,0) -> 301003 | AM69: =IF(B69=B70,OFFSET(卡牌辅助配置表!$AE$1,MATCH(AB69,卡牌辅助配置表!AB:AB,0),0),0) -> 1300 | AN69: =IF(B69=B70,A69+1,0) -> 1003005 | AP69: =IF(AC69=0,0,IF(AC69=12,0,OFFSET(effect!$N$1,MATCH(K69,effect!M:M,0)-1,0))) -> kpsx_pt
A70: =Q70*1000+N70 -> 1003005 | B70: 风罩拳 | C70: 1 | D70: 6 | E70: 造成%d点%s拳法伤害， | F70: ="上一招为拳法时，增加造成伤害"&skill!$O$8/100&"%的护甲" -> 上一招为拳法时，增加造成伤害30%的护甲 | G70: =OFFSET(卡牌辅助配置表!$C$1,MATCH(AC70,卡牌辅助配置表!A:A,0)-1,0) -> 3 | H70: 0.3 | J70: =OFFSET(card_type!$F$1,MATCH(Q70,card_type!A:A,0)-1,0) -> 1 | K70: =OFFSET(card_type!$G$1,MATCH(Q70,card_type!A:A,0)-1,0) -> 1 | L70: 2 | M70: 2 | N70: =IF(B69=B70,N69+1,1) -> 5 | Q70: =OFFSET(card_type!$A$1,MATCH(card!B70,card_type!B:B,0)-1,0) -> 1003 | R70: 1 | S70: =ROUND(IF(R70=0,0,IF(R70=1,X70*$S$1,IF(R70=2,X70*$S$1*buff的资质计算!$E$2,IF(R70=3,X70*$S$1*buff的资质计算!$E$3,0)))),0)*0 -> 0 | T70: 2 | U70: =J70*10+K70 -> 11 | V70: =ROUND((OFFSET(卡牌辅助配置表!$O$1,MATCH(U70,卡牌辅助配置表!M:M,0)-1,0)+(N70-1)*OFFSET(卡牌辅助配置表!$P$1,MATCH(U70,卡牌辅助配置表!M:M,0)-1,0))*M70,2) -> 14.21 | W70: =ROUND(IF(R70=0,0,IF(R70=1,X70*$W$1,IF(R70=2,X70*$W$1*buff的资质计算!$E$2,IF(R70=3,X70*$W$1*buff的资质计算!$E$3,0)))),2) -> 4.5 | X70: =M70*($M$1+(J70-1)*$J$1+(K70-1)*$K$1)+G70+$J$1*(N70-1)/$N$1 -> 15 | Y70: =X70+H70 -> 15.3 | Z70: =Y70/M70 -> 7.65 | AA70: =OFFSET(卡牌辅助配置表!$AD$1,MATCH(AB70,卡牌辅助配置表!AB:AB,0)-1,0) -> 90 | AB70: =J70*1000+K70*100+N70 -> 1105 | AC70: 3 | AE70: 1 | AF70: =((Q70*1000+1)*10+1)&$AF$1 -> 10030011| | AJ70: =IF(AN70=0,0,IF(AL70=0,$AM$1&$AF$1&AM70&$AF$1&$AJ$1,AK70&$AF$1&AL70&$AF$1&$AJ$1&$AM$1&$AF$1&AM70&$AF$1&$AJ$1)) -> 400023|1500|; | AK70: =OFFSET([1]item_type!$A$1,MATCH(Q70,[1]item_type!$G:$G,0)-1,0) -> 301003 | AM70: =IF(B70=B71,OFFSET(卡牌辅助配置表!$AE$1,MATCH(AB70,卡牌辅助配置表!AB:AB,0),0),0) -> 1500 | AN70: =IF(B70=B71,A70+1,0) -> 1003006 | AP70: =IF(AC70=0,0,IF(AC70=12,0,OFFSET(effect!$N$1,MATCH(K70,effect!M:M,0)-1,0))) -> kpsx_pt
A71: =Q71*1000+N71 -> 1003006 | B71: 风罩拳 | C71: 1 | D71: 6 | E71: 造成%d点%s拳法伤害， | F71: ="上一招为拳法时，增加造成伤害"&skill!$O$8/100&"%的护甲" -> 上一招为拳法时，增加造成伤害30%的护甲 | G71: =OFFSET(卡牌辅助配置表!$C$1,MATCH(AC71,卡牌辅助配置表!A:A,0)-1,0) -> 3 | H71: 0.3 | J71: =OFFSET(card_type!$F$1,MATCH(Q71,card_type!A:A,0)-1,0) -> 1 | K71: =OFFSET(card_type!$G$1,MATCH(Q71,card_type!A:A,0)-1,0) -> 1 | L71: 2 | M71: 2 | N71: =IF(B70=B71,N70+1,1) -> 6 | Q71: =OFFSET(card_type!$A$1,MATCH(card!B71,card_type!B:B,0)-1,0) -> 1003 | R71: 1 | S71: =ROUND(IF(R71=0,0,IF(R71=1,X71*$S$1,IF(R71=2,X71*$S$1*buff的资质计算!$E$2,IF(R71=3,X71*$S$1*buff的资质计算!$E$3,0)))),0)*0 -> 0 | T71: 2 | U71: =J71*10+K71 -> 11 | V71: =ROUND((OFFSET(卡牌辅助配置表!$O$1,MATCH(U71,卡牌辅助配置表!M:M,0)-1,0)+(N71-1)*OFFSET(卡牌辅助配置表!$P$1,MATCH(U71,卡牌辅助配置表!M:M,0)-1,0))*M71,2) -> 14.63 | W71: =ROUND(IF(R71=0,0,IF(R71=1,X71*$W$1,IF(R71=2,X71*$W$1*buff的资质计算!$E$2,IF(R71=3,X71*$W$1*buff的资质计算!$E$3,0)))),2) -> 4.65 | X71: =M71*($M$1+(J71-1)*$J$1+(K71-1)*$K$1)+G71+$J$1*(N71-1)/$N$1 -> 15.5 | Y71: =X71+H71 -> 15.8 | Z71: =Y71/M71 -> 7.9 | AA71: =OFFSET(卡牌辅助配置表!$AD$1,MATCH(AB71,卡牌辅助配置表!AB:AB,0)-1,0) -> 108 | AB71: =J71*1000+K71*100+N71 -> 1106 | AC71: 3 | AE71: 1 | AF71: =((Q71*1000+1)*10+1)&$AF$1 -> 10030011| | AJ71: =IF(AN71=0,0,IF(AL71=0,$AM$1&$AF$1&AM71&$AF$1&$AJ$1,AK71&$AF$1&AL71&$AF$1&$AJ$1&$AM$1&$AF$1&AM71&$AF$1&$AJ$1)) -> 400023|1700|; | AK71: =OFFSET([1]item_type!$A$1,MATCH(Q71,[1]item_type!$G:$G,0)-1,0) -> 301003 | AM71: =IF(B71=B72,OFFSET(卡牌辅助配置表!$AE$1,MATCH(AB71,卡牌辅助配置表!AB:AB,0),0),0) -> 1700 | AN71: =IF(B71=B72,A71+1,0) -> 1003007 | AP71: =IF(AC71=0,0,IF(AC71=12,0,OFFSET(effect!$N$1,MATCH(K71,effect!M:M,0)-1,0))) -> kpsx_pt
A72: =Q72*1000+N72 -> 1003007 | B72: 风罩拳 | C72: 1 | D72: 6 | E72: 造成%d点%s拳法伤害， | F72: ="上一招为拳法时，增加造成伤害"&skill!$O$8/100&"%的护甲" -> 上一招为拳法时，增加造成伤害30%的护甲 | G72: =OFFSET(卡牌辅助配置表!$C$1,MATCH(AC72,卡牌辅助配置表!A:A,0)-1,0) -> 3 | H72: 0.3 | J72: =OFFSET(card_type!$F$1,MATCH(Q72,card_type!A:A,0)-1,0) -> 1 | K72: =OFFSET(card_type!$G$1,MATCH(Q72,card_type!A:A,0)-1,0) -> 1 | L72: 2 | M72: 2 | N72: =IF(B71=B72,N71+1,1) -> 7 | Q72: =OFFSET(card_type!$A$1,MATCH(card!B72,card_type!B:B,0)-1,0) -> 1003 | R72: 1 | S72: =ROUND(IF(R72=0,0,IF(R72=1,X72*$S$1,IF(R72=2,X72*$S$1*buff的资质计算!$E$2,IF(R72=3,X72*$S$1*buff的资质计算!$E$3,0)))),0)*0 -> 0 | T72: 2 | U72: =J72*10+K72 -> 11 | V72: =ROUND((OFFSET(卡牌辅助配置表!$O$1,MATCH(U72,卡牌辅助配置表!M:M,0)-1,0)+(N72-1)*OFFSET(卡牌辅助配置表!$P$1,MATCH(U72,卡牌辅助配置表!M:M,0)-1,0))*M72,2) -> 15.05 | W72: =ROUND(IF(R72=0,0,IF(R72=1,X72*$W$1,IF(R72=2,X72*$W$1*buff的资质计算!$E$2,IF(R72=3,X72*$W$1*buff的资质计算!$E$3,0)))),2) -> 4.8 | X72: =M72*($M$1+(J72-1)*$J$1+(K72-1)*$K$1)+G72+$J$1*(N72-1)/$N$1 -> 16 | Y72: =X72+H72 -> 16.3 | Z72: =Y72/M72 -> 8.15 | AA72: =OFFSET(卡牌辅助配置表!$AD$1,MATCH(AB72,卡牌辅助配置表!AB:AB,0)-1,0) -> 126 | AB72: =J72*1000+K72*100+N72 -> 1107 | AC72: 3 | AE72: 1 | AF72: =((Q72*1000+1)*10+1)&$AF$1 -> 10030011| | AJ72: =IF(AN72=0,0,IF(AL72=0,$AM$1&$AF$1&AM72&$AF$1&$AJ$1,AK72&$AF$1&AL72&$AF$1&$AJ$1&$AM$1&$AF$1&AM72&$AF$1&$AJ$1)) -> 400023|1900|; | AK72: =OFFSET([1]item_type!$A$1,MATCH(Q72,[1]item_type!$G:$G,0)-1,0) -> 301003 | AM72: =IF(B72=B73,OFFSET(卡牌辅助配置表!$AE$1,MATCH(AB72,卡牌辅助配置表!AB:AB,0),0),0) -> 1900 | AN72: =IF(B72=B73,A72+1,0) -> 1003008 | AP72: =IF(AC72=0,0,IF(AC72=12,0,OFFSET(effect!$N$1,MATCH(K72,effect!M:M,0)-1,0))) -> kpsx_pt
A73: =Q73*1000+N73 -> 1003008 | B73: 风罩拳 | C73: 1 | D73: 6 | E73: 造成%d点%s拳法伤害， | F73: ="上一招为拳法时，增加造成伤害"&skill!$O$8/100&"%的护甲" -> 上一招为拳法时，增加造成伤害30%的护甲 | G73: =OFFSET(卡牌辅助配置表!$C$1,MATCH(AC73,卡牌辅助配置表!A:A,0)-1,0) -> 3 | H73: 0.3 | J73: =OFFSET(card_type!$F$1,MATCH(Q73,card_type!A:A,0)-1,0) -> 1 | K73: =OFFSET(card_type!$G$1,MATCH(Q73,card_type!A:A,0)-1,0) -> 1 | L73: 2 | M73: 2 | N73: =IF(B72=B73,N72+1,1) -> 8 | Q73: =OFFSET(card_type!$A$1,MATCH(card!B73,card_type!B:B,0)-1,0) -> 1003 | R73: 1 | S73: =ROUND(IF(R73=0,0,IF(R73=1,X73*$S$1,IF(R73=2,X73*$S$1*buff的资质计算!$E$2,IF(R73=3,X73*$S$1*buff的资质计算!$E$3,0)))),0)*0 -> 0 | T73: 2 | U73: =J73*10+K73 -> 11 | V73: =ROUND((OFFSET(卡牌辅助配置表!$O$1,MATCH(U73,卡牌辅助配置表!M:M,0)-1,0)+(N73-1)*OFFSET(卡牌辅助配置表!$P$1,MATCH(U73,卡牌辅助配置表!M:M,0)-1,0))*M73,2) -> 15.47 | W73: =ROUND(IF(R73=0,0,IF(R73=1,X73*$W$1,IF(R73=2,X73*$W$1*buff的资质计算!$E$2,IF(R73=3,X73*$W$1*buff的资质计算!$E$3,0)))),2) -> 4.95 | X73: =M73*($M$1+(J73-1)*$J$1+(K73-1)*$K$1)+G73+$J$1*(N73-1)/$N$1 -> 16.5 | Y73: =X73+H73 -> 16.8 | Z73: =Y73/M73 -> 8.4 | AA73: =OFFSET(卡牌辅助配置表!$AD$1,MATCH(AB73,卡牌辅助配置表!AB:AB,0)-1,0) -> 144 | AB73: =J73*1000+K73*100+N73 -> 1108 | AC73: 3 | AE73: 1 | AF73: =((Q73*1000+1)*10+1)&$AF$1 -> 10030011| | AJ73: =IF(AN73=0,0,IF(AL73=0,$AM$1&$AF$1&AM73&$AF$1&$AJ$1,AK73&$AF$1&AL73&$AF$1&$AJ$1&$AM$1&$AF$1&AM73&$AF$1&$AJ$1)) -> 400023|2100|; | AK73: =OFFSET([1]item_type!$A$1,MATCH(Q73,[1]item_type!$G:$G,0)-1,0) -> 301003 | AM73: =IF(B73=B74,OFFSET(卡牌辅助配置表!$AE$1,MATCH(AB73,卡牌辅助配置表!AB:AB,0),0),0) -> 2100 | AN73: =IF(B73=B74,A73+1,0) -> 1003009 | AP73: =IF(AC73=0,0,IF(AC73=12,0,OFFSET(effect!$N$1,MATCH(K73,effect!M:M,0)-1,0))) -> kpsx_pt
A74: =Q74*1000+N74 -> 1003009 | B74: 风罩拳 | C74: 1 | D74: 6 | E74: 造成%d点%s拳法伤害， | F74: ="上一招为拳法时，增加造成伤害"&skill!$O$8/100&"%的护甲" -> 上一招为拳法时，增加造成伤害30%的护甲 | G74: =OFFSET(卡牌辅助配置表!$C$1,MATCH(AC74,卡牌辅助配置表!A:A,0)-1,0) -> 3 | H74: 0.3 | J74: =OFFSET(card_type!$F$1,MATCH(Q74,card_type!A:A,0)-1,0) -> 1 | K74: =OFFSET(card_type!$G$1,MATCH(Q74,card_type!A:A,0)-1,0) -> 1 | L74: 2 | M74: 2 | N74: =IF(B73=B74,N73+1,1) -> 9 | Q74: =OFFSET(card_type!$A$1,MATCH(card!B74,card_type!B:B,0)-1,0) -> 1003 | R74: 1 | S74: =ROUND(IF(R74=0,0,IF(R74=1,X74*$S$1,IF(R74=2,X74*$S$1*buff的资质计算!$E$2,IF(R74=3,X74*$S$1*buff的资质计算!$E$3,0)))),0)*0 -> 0 | T74: 2 | U74: =J74*10+K74 -> 11 | V74: =ROUND((OFFSET(卡牌辅助配置表!$O$1,MATCH(U74,卡牌辅助配置表!M:M,0)-1,0)+(N74-1)*OFFSET(卡牌辅助配置表!$P$1,MATCH(U74,卡牌辅助配置表!M:M,0)-1,0))*M74,2) -> 15.88 | W74: =ROUND(IF(R74=0,0,IF(R74=1,X74*$W$1,IF(R74=2,X74*$W$1*buff的资质计算!$E$2,IF(R74=3,X74*$W$1*buff的资质计算!$E$3,0)))),2) -> 5.1 | X74: =M74*($M$1+(J74-1)*$J$1+(K74-1)*$K$1)+G74+$J$1*(N74-1)/$N$1 -> 17 | Y74: =X74+H74 -> 17.3 | Z74: =Y74/M74 -> 8.65 | AA74: =OFFSET(卡牌辅助配置表!$AD$1,MATCH(AB74,卡牌辅助配置表!AB:AB,0)-1,0) -> 162 | AB74: =J74*1000+K74*100+N74 -> 1109 | AC74: 3 | AE74: 1 | AF74: =((Q74*1000+1)*10+1)&$AF$1 -> 10030011| | AJ74: =IF(AN74=0,0,IF(AL74=0,$AM$1&$AF$1&AM74&$AF$1&$AJ$1,AK74&$AF$1&AL74&$AF$1&$AJ$1&$AM$1&$AF$1&AM74&$AF$1&$AJ$1)) -> 301003|15|;400023|2300|; | AK74: =OFFSET([1]item_type!$A$1,MATCH(Q74,[1]item_type!$G:$G,0)-1,0) -> 301003 | AL74: 15 | AM74: =IF(B74=B75,OFFSET(卡牌辅助配置表!$AE$1,MATCH(AB74,卡牌辅助配置表!AB:AB,0),0),0) -> 2300 | AN74: =IF(B74=B75,A74+1,0) -> 1003010 | AP74: =IF(AC74=0,0,IF(AC74=12,0,OFFSET(effect!$N$1,MATCH(K74,effect!M:M,0)-1,0))) -> kpsx_pt
A75: =Q75*1000+N75 -> 1003010 | B75: 风罩拳 | C75: 1 | D75: 6 | E75: 造成%d点%s拳法伤害， | F75: ="上一招为拳法时，增加造成伤害"&skill!$O$8/100&"%的护甲" -> 上一招为拳法时，增加造成伤害30%的护甲 | G75: =OFFSET(卡牌辅助配置表!$C$1,MATCH(AC75,卡牌辅助配置表!A:A,0)-1,0) -> 3 | H75: 0.3 | J75: =OFFSET(card_type!$F$1,MATCH(Q75,card_type!A:A,0)-1,0) -> 1 | K75: =OFFSET(card_type!$G$1,MATCH(Q75,card_type!A:A,0)-1,0) -> 1 | L75: 2 | M75: 2 | N75: =IF(B74=B75,N74+1,1) -> 10 | Q75: =OFFSET(card_type!$A$1,MATCH(card!B75,card_type!B:B,0)-1,0) -> 1003 | R75: 1 | S75: =ROUND(IF(R75=0,0,IF(R75=1,X75*$S$1,IF(R75=2,X75*$S$1*buff的资质计算!$E$2,IF(R75=3,X75*$S$1*buff的资质计算!$E$3,0)))),0)*0 -> 0 | T75: 2 | U75: =J75*10+K75 -> 11 | V75: =ROUND((OFFSET(卡牌辅助配置表!$O$1,MATCH(U75,卡牌辅助配置表!M:M,0)-1,0)+(N75-1)*OFFSET(卡牌辅助配置表!$P$1,MATCH(U75,卡牌辅助配置表!M:M,0)-1,0))*M75,2) -> 16.3 | W75: =ROUND(IF(R75=0,0,IF(R75=1,X75*$W$1,IF(R75=2,X75*$W$1*buff的资质计算!$E$2,IF(R75=3,X75*$W$1*buff的资质计算!$E$3,0)))),2) -> 5.25 | X75: =M75*($M$1+(J75-1)*$J$1+(K75-1)*$K$1)+G75+$J$1*(N75-1)/$N$1 -> 17.5 | Y75: =X75+H75 -> 17.8 | Z75: =Y75/M75 -> 8.9 | AA75: =OFFSET(卡牌辅助配置表!$AD$1,MATCH(AB75,卡牌辅助配置表!AB:AB,0)-1,0) -> 180 | AB75: =J75*1000+K75*100+N75 -> 1110 | AC75: 3 | AE75: 1 | AF75: =((Q75*1000+1)*10+1)&$AF$1 -> 10030011| | AJ75: =IF(AN75=0,0,IF(AL75=0,$AM$1&$AF$1&AM75&$AF$1&$AJ$1,AK75&$AF$1&AL75&$AF$1&$AJ$1&$AM$1&$AF$1&AM75&$AF$1&$AJ$1)) -> 400023|2700|; | AK75: =OFFSET([1]item_type!$A$1,MATCH(Q75,[1]item_type!$G:$G,0)-1,0) -> 301003 | AM75: =IF(B75=B76,OFFSET(卡牌辅助配置表!$AE$1,MATCH(AB75,卡牌辅助配置表!AB:AB,0),0),0) -> 2700 | AN75: =IF(B75=B76,A75+1,0) -> 1003011 | AP75: =IF(AC75=0,0,IF(AC75=12,0,OFFSET(effect!$N$1,MATCH(K75,effect!M:M,0)-1,0))) -> kpsx_pt
A76: =Q76*1000+N76 -> 1003011 | B76: 风罩拳 | C76: 1 | D76: 6 | E76: 造成%d点%s拳法伤害， | F76: ="上一招为拳法时，增加造成伤害"&skill!$O$8/100&"%的护甲" -> 上一招为拳法时，增加造成伤害30%的护甲 | G76: =OFFSET(卡牌辅助配置表!$C$1,MATCH(AC76,卡牌辅助配置表!A:A,0)-1,0) -> 3 | H76: 0.3 | J76: =OFFSET(card_type!$F$1,MATCH(Q76,card_type!A:A,0)-1,0) -> 1 | K76: =OFFSET(card_type!$G$1,MATCH(Q76,card_type!A:A,0)-1,0) -> 1 | L76: 2 | M76: 2 | N76: =IF(B75=B76,N75+1,1) -> 11 | Q76: =OFFSET(card_type!$A$1,MATCH(card!B76,card_type!B:B,0)-1,0) -> 1003 | R76: 1 | S76: =ROUND(IF(R76=0,0,IF(R76=1,X76*$S$1,IF(R76=2,X76*$S$1*buff的资质计算!$E$2,IF(R76=3,X76*$S$1*buff的资质计算!$E$3,0)))),0)*0 -> 0 | T76: 2 | U76: =J76*10+K76 -> 11 | V76: =ROUND((OFFSET(卡牌辅助配置表!$O$1,MATCH(U76,卡牌辅助配置表!M:M,0)-1,0)+(N76-1)*OFFSET(卡牌辅助配置表!$P$1,MATCH(U76,卡牌辅助配置表!M:M,0)-1,0))*M76,2) -> 16.72 | W76: =ROUND(IF(R76=0,0,IF(R76=1,X76*$W$1,IF(R76=2,X76*$W$1*buff的资质计算!$E$2,IF(R76=3,X76*$W$1*buff的资质计算!$E$3,0)))),2) -> 5.4 | X76: =M76*($M$1+(J76-1)*$J$1+(K76-1)*$K$1)+G76+$J$1*(N76-1)/$N$1 -> 18 | Y76: =X76+H76 -> 18.3 | Z76: =Y76/M76 -> 9.15 | AA76: =OFFSET(卡牌辅助配置表!$AD$1,MATCH(AB76,卡牌辅助配置表!AB:AB,0)-1,0) -> 207 | AB76: =J76*1000+K76*100+N76 -> 1111 | AC76: 3 | AE76: 1 | AF76: =((Q76*1000+1)*10+1)&$AF$1 -> 10030011| | AJ76: =IF(AN76=0,0,IF(AL76=0,$AM$1&$AF$1&AM76&$AF$1&$AJ$1,AK76&$AF$1&AL76&$AF$1&$AJ$1&$AM$1&$AF$1&AM76&$AF$1&$AJ$1)) -> 400023|3100|; | AK76: =OFFSET([1]item_type!$A$1,MATCH(Q76,[1]item_type!$G:$G,0)-1,0) -> 301003 | AM76: =IF(B76=B77,OFFSET(卡牌辅助配置表!$AE$1,MATCH(AB76,卡牌辅助配置表!AB:AB,0),0),0) -> 3100 | AN76: =IF(B76=B77,A76+1,0) -> 1003012 | AP76: =IF(AC76=0,0,IF(AC76=12,0,OFFSET(effect!$N$1,MATCH(K76,effect!M:M,0)-1,0))) -> kpsx_pt
A77: =Q77*1000+N77 -> 1003012 | B77: 风罩拳 | C77: 1 | D77: 6 | E77: 造成%d点%s拳法伤害， | F77: ="上一招为拳法时，增加造成伤害"&skill!$O$8/100&"%的护甲" -> 上一招为拳法时，增加造成伤害30%的护甲 | G77: =OFFSET(卡牌辅助配置表!$C$1,MATCH(AC77,卡牌辅助配置表!A:A,0)-1,0) -> 3 | H77: 0.3 | J77: =OFFSET(card_type!$F$1,MATCH(Q77,card_type!A:A,0)-1,0) -> 1 | K77: =OFFSET(card_type!$G$1,MATCH(Q77,card_type!A:A,0)-1,0) -> 1 | L77: 2 | M77: 2 | N77: =IF(B76=B77,N76+1,1) -> 12 | Q77: =OFFSET(card_type!$A$1,MATCH(card!B77,card_type!B:B,0)-1,0) -> 1003 | R77: 1 | S77: =ROUND(IF(R77=0,0,IF(R77=1,X77*$S$1,IF(R77=2,X77*$S$1*buff的资质计算!$E$2,IF(R77=3,X77*$S$1*buff的资质计算!$E$3,0)))),0)*0 -> 0 | T77: 2 | U77: =J77*10+K77 -> 11 | V77: =ROUND((OFFSET(卡牌辅助配置表!$O$1,MATCH(U77,卡牌辅助配置表!M:M,0)-1,0)+(N77-1)*OFFSET(卡牌辅助配置表!$P$1,MATCH(U77,卡牌辅助配置表!M:M,0)-1,0))*M77,2) -> 17.14 | W77: =ROUND(IF(R77=0,0,IF(R77=1,X77*$W$1,IF(R77=2,X77*$W$1*buff的资质计算!$E$2,IF(R77=3,X77*$W$1*buff的资质计算!$E$3,0)))),2) -> 5.55 | X77: =M77*($M$1+(J77-1)*$J$1+(K77-1)*$K$1)+G77+$J$1*(N77-1)/$N$1 -> 18.5 | Y77: =X77+H77 -> 18.8 | Z77: =Y77/M77 -> 9.4 | AA77: =OFFSET(卡牌辅助配置表!$AD$1,MATCH(AB77,卡牌辅助配置表!AB:AB,0)-1,0) -> 234 | AB77: =J77*1000+K77*100+N77 -> 1112 | AC77: 3 | AE77: 1 | AF77: =((Q77*1000+1)*10+1)&$AF$1 -> 10030011| | AJ77: =IF(AN77=0,0,IF(AL77=0,$AM$1&$AF$1&AM77&$AF$1&$AJ$1,AK77&$AF$1&AL77&$AF$1&$AJ$1&$AM$1&$AF$1&AM77&$AF$1&$AJ$1)) -> 400023|3500|; | AK77: =OFFSET([1]item_type!$A$1,MATCH(Q77,[1]item_type!$G:$G,0)-1,0) -> 301003 | AM77: =IF(B77=B78,OFFSET(卡牌辅助配置表!$AE$1,MATCH(AB77,卡牌辅助配置表!AB:AB,0),0),0) -> 3500 | AN77: =IF(B77=B78,A77+1,0) -> 1003013 | AP77: =IF(AC77=0,0,IF(AC77=12,0,OFFSET(effect!$N$1,MATCH(K77,effect!M:M,0)-1,0))) -> kpsx_pt
A78: =Q78*1000+N78 -> 1003013 | B78: 风罩拳 | C78: 1 | D78: 6 | E78: 造成%d点%s拳法伤害， | F78: ="上一招为拳法时，增加造成伤害"&skill!$O$8/100&"%的护甲" -> 上一招为拳法时，增加造成伤害30%的护甲 | G78: =OFFSET(卡牌辅助配置表!$C$1,MATCH(AC78,卡牌辅助配置表!A:A,0)-1,0) -> 3 | H78: 0.3 | J78: =OFFSET(card_type!$F$1,MATCH(Q78,card_type!A:A,0)-1,0) -> 1 | K78: =OFFSET(card_type!$G$1,MATCH(Q78,card_type!A:A,0)-1,0) -> 1 | L78: 2 | M78: 2 | N78: =IF(B77=B78,N77+1,1) -> 13 | Q78: =OFFSET(card_type!$A$1,MATCH(card!B78,card_type!B:B,0)-1,0) -> 1003 | R78: 1 | S78: =ROUND(IF(R78=0,0,IF(R78=1,X78*$S$1,IF(R78=2,X78*$S$1*buff的资质计算!$E$2,IF(R78=3,X78*$S$1*buff的资质计算!$E$3,0)))),0)*0 -> 0 | T78: 2 | U78: =J78*10+K78 -> 11 | V78: =ROUND((OFFSET(卡牌辅助配置表!$O$1,MATCH(U78,卡牌辅助配置表!M:M,0)-1,0)+(N78-1)*OFFSET(卡牌辅助配置表!$P$1,MATCH(U78,卡牌辅助配置表!M:M,0)-1,0))*M78,2) -> 17.56 | W78: =ROUND(IF(R78=0,0,IF(R78=1,X78*$W$1,IF(R78=2,X78*$W$1*buff的资质计算!$E$2,IF(R78=3,X78*$W$1*buff的资质计算!$E$3,0)))),2) -> 5.7 | X78: =M78*($M$1+(J78-1)*$J$1+(K78-1)*$K$1)+G78+$J$1*(N78-1)/$N$1 -> 19 | Y78: =X78+H78 -> 19.3 | Z78: =Y78/M78 -> 9.65 | AA78: =OFFSET(卡牌辅助配置表!$AD$1,MATCH(AB78,卡牌辅助配置表!AB:AB,0)-1,0) -> 261 | AB78: =J78*1000+K78*100+N78 -> 1113 | AC78: 3 | AE78: 1 | AF78: =((Q78*1000+1)*10+1)&$AF$1 -> 10030011| | AJ78: =IF(AN78=0,0,IF(AL78=0,$AM$1&$AF$1&AM78&$AF$1&$AJ$1,AK78&$AF$1&AL78&$AF$1&$AJ$1&$AM$1&$AF$1&AM78&$AF$1&$AJ$1)) -> 400023|3900|; | AK78: =OFFSET([1]item_type!$A$1,MATCH(Q78,[1]item_type!$G:$G,0)-1,0) -> 301003 | AM78: =IF(B78=B79,OFFSET(卡牌辅助配置表!$AE$1,MATCH(AB78,卡牌辅助配置表!AB:AB,0),0),0) -> 3900 | AN78: =IF(B78=B79,A78+1,0) -> 1003014 | AP78: =IF(AC78=0,0,IF(AC78=12,0,OFFSET(effect!$N$1,MATCH(K78,effect!M:M,0)-1,0))) -> kpsx_pt
A79: =Q79*1000+N79 -> 1003014 | B79: 风罩拳 | C79: 1 | D79: 6 | E79: 造成%d点%s拳法伤害， | F79: ="上一招为拳法时，增加造成伤害"&skill!$O$8/100&"%的护甲" -> 上一招为拳法时，增加造成伤害30%的护甲 | G79: =OFFSET(卡牌辅助配置表!$C$1,MATCH(AC79,卡牌辅助配置表!A:A,0)-1,0) -> 3 | H79: 0.3 | J79: =OFFSET(card_type!$F$1,MATCH(Q79,card_type!A:A,0)-1,0) -> 1 | K79: =OFFSET(card_type!$G$1,MATCH(Q79,card_type!A:A,0)-1,0) -> 1 | L79: 2 | M79: 2 | N79: =IF(B78=B79,N78+1,1) -> 14 | Q79: =OFFSET(card_type!$A$1,MATCH(card!B79,card_type!B:B,0)-1,0) -> 1003 | R79: 1 | S79: =ROUND(IF(R79=0,0,IF(R79=1,X79*$S$1,IF(R79=2,X79*$S$1*buff的资质计算!$E$2,IF(R79=3,X79*$S$1*buff的资质计算!$E$3,0)))),0)*0 -> 0 | T79: 2 | U79: =J79*10+K79 -> 11 | V79: =ROUND((OFFSET(卡牌辅助配置表!$O$1,MATCH(U79,卡牌辅助配置表!M:M,0)-1,0)+(N79-1)*OFFSET(卡牌辅助配置表!$P$1,MATCH(U79,卡牌辅助配置表!M:M,0)-1,0))*M79,2) -> 17.97 | W79: =ROUND(IF(R79=0,0,IF(R79=1,X79*$W$1,IF(R79=2,X79*$W$1*buff的资质计算!$E$2,IF(R79=3,X79*$W$1*buff的资质计算!$E$3,0)))),2) -> 5.85 | X79: =M79*($M$1+(J79-1)*$J$1+(K79-1)*$K$1)+G79+$J$1*(N79-1)/$N$1 -> 19.5 | Y79: =X79+H79 -> 19.8 | Z79: =Y79/M79 -> 9.9 | AA79: =OFFSET(卡牌辅助配置表!$AD$1,MATCH(AB79,卡牌辅助配置表!AB:AB,0)-1,0) -> 288 | AB79: =J79*1000+K79*100+N79 -> 1114 | AC79: 3 | AE79: 1 | AF79: =((Q79*1000+1)*10+1)&$AF$1 -> 10030011| | AJ79: =IF(AN79=0,0,IF(AL79=0,$AM$1&$AF$1&AM79&$AF$1&$AJ$1,AK79&$AF$1&AL79&$AF$1&$AJ$1&$AM$1&$AF$1&AM79&$AF$1&$AJ$1)) -> 400023|4300|; | AK79: =OFFSET([1]item_type!$A$1,MATCH(Q79,[1]item_type!$G:$G,0)-1,0) -> 301003 | AM79: =IF(B79=B80,OFFSET(卡牌辅助配置表!$AE$1,MATCH(AB79,卡牌辅助配置表!AB:AB,0),0),0) -> 4300 | AN79: =IF(B79=B80,A79+1,0) -> 1003015 | AP79: =IF(AC79=0,0,IF(AC79=12,0,OFFSET(effect!$N$1,MATCH(K79,effect!M:M,0)-1,0))) -> kpsx_pt
A80: =Q80*1000+N80 -> 1003015 | B80: 风罩拳 | C80: 1 | D80: 6 | E80: 造成%d点%s拳法伤害， | F80: ="上一招为拳法时，增加造成伤害"&skill!$O$8/100&"%的护甲" -> 上一招为拳法时，增加造成伤害30%的护甲 | G80: =OFFSET(卡牌辅助配置表!$C$1,MATCH(AC80,卡牌辅助配置表!A:A,0)-1,0) -> 3 | H80: 0.3 | J80: =OFFSET(card_type!$F$1,MATCH(Q80,card_type!A:A,0)-1,0) -> 1 | K80: =OFFSET(card_type!$G$1,MATCH(Q80,card_type!A:A,0)-1,0) -> 1 | L80: 2 | M80: 2 | N80: =IF(B79=B80,N79+1,1) -> 15 | Q80: =OFFSET(card_type!$A$1,MATCH(card!B80,card_type!B:B,0)-1,0) -> 1003 | R80: 1 | S80: =ROUND(IF(R80=0,0,IF(R80=1,X80*$S$1,IF(R80=2,X80*$S$1*buff的资质计算!$E$2,IF(R80=3,X80*$S$1*buff的资质计算!$E$3,0)))),0)*0 -> 0 | T80: 2 | U80: =J80*10+K80 -> 11 | V80: =ROUND((OFFSET(卡牌辅助配置表!$O$1,MATCH(U80,卡牌辅助配置表!M:M,0)-1,0)+(N80-1)*OFFSET(卡牌辅助配置表!$P$1,MATCH(U80,卡牌辅助配置表!M:M,0)-1,0))*M80,2) -> 18.39 | W80: =ROUND(IF(R80=0,0,IF(R80=1,X80*$W$1,IF(R80=2,X80*$W$1*buff的资质计算!$E$2,IF(R80=3,X80*$W$1*buff的资质计算!$E$3,0)))),2) -> 6 | X80: =M80*($M$1+(J80-1)*$J$1+(K80-1)*$K$1)+G80+$J$1*(N80-1)/$N$1 -> 20 | Y80: =X80+H80 -> 20.3 | Z80: =Y80/M80 -> 10.15 | AA80: =OFFSET(卡牌辅助配置表!$AD$1,MATCH(AB80,卡牌辅助配置表!AB:AB,0)-1,0) -> 315 | AB80: =J80*1000+K80*100+N80 -> 1115 | AC80: 3 | AE80: 1 | AF80: =((Q80*1000+1)*10+1)&$AF$1 -> 10030011| | AJ80: =IF(AN80=0,0,IF(AL80=0,$AM$1&$AF$1&AM80&$AF$1&$AJ$1,AK80&$AF$1&AL80&$AF$1&$AJ$1&$AM$1&$AF$1&AM80&$AF$1&$AJ$1)) -> 400023|4700|; | AK80: =OFFSET([1]item_type!$A$1,MATCH(Q80,[1]item_type!$G:$G,0)-1,0) -> 301003 | AM80: =IF(B80=B81,OFFSET(卡牌辅助配置表!$AE$1,MATCH(AB80,卡牌辅助配置表!AB:AB,0),0),0) -> 4700 | AN80: =IF(B80=B81,A80+1,0) -> 1003016 | AP80: =IF(AC80=0,0,IF(AC80=12,0,OFFSET(effect!$N$1,MATCH(K80,effect!M:M,0)-1,0))) -> kpsx_pt
